question,subject,choices
The cyclic subgroup of Z_24 generated by 18 has order,abstract_algebra,"[massaging,, amphipodal,, tricarbimide,, impracticably]"
The cyclic subgroup of Z_24 generated by 18 has order,abstract_algebra,"[massaging,, amphipodal,, impracticably,, tricarbimide]"
The cyclic subgroup of Z_24 generated by 18 has order,abstract_algebra,"[massaging,, tricarbimide,, amphipodal,, impracticably]"
The cyclic subgroup of Z_24 generated by 18 has order,abstract_algebra,"[massaging,, tricarbimide,, impracticably,, amphipodal]"
The cyclic subgroup of Z_24 generated by 18 has order,abstract_algebra,"[massaging,, impracticably,, amphipodal,, tricarbimide]"
The cyclic subgroup of Z_24 generated by 18 has order,abstract_algebra,"[massaging,, impracticably,, tricarbimide,, amphipodal]"
The cyclic subgroup of Z_24 generated by 18 has order,abstract_algebra,"[amphipodal,, massaging,, tricarbimide,, impracticably]"
The cyclic subgroup of Z_24 generated by 18 has order,abstract_algebra,"[amphipodal,, massaging,, impracticably,, tricarbimide]"
The cyclic subgroup of Z_24 generated by 18 has order,abstract_algebra,"[amphipodal,, tricarbimide,, massaging,, impracticably]"
The cyclic subgroup of Z_24 generated by 18 has order,abstract_algebra,"[amphipodal,, tricarbimide,, impracticably,, massaging]"
The cyclic subgroup of Z_24 generated by 18 has order,abstract_algebra,"[amphipodal,, impracticably,, massaging,, tricarbimide]"
The cyclic subgroup of Z_24 generated by 18 has order,abstract_algebra,"[amphipodal,, impracticably,, tricarbimide,, massaging]"
The cyclic subgroup of Z_24 generated by 18 has order,abstract_algebra,"[tricarbimide,, massaging,, amphipodal,, impracticably]"
The cyclic subgroup of Z_24 generated by 18 has order,abstract_algebra,"[tricarbimide,, massaging,, impracticably,, amphipodal]"
The cyclic subgroup of Z_24 generated by 18 has order,abstract_algebra,"[tricarbimide,, amphipodal,, massaging,, impracticably]"
The cyclic subgroup of Z_24 generated by 18 has order,abstract_algebra,"[tricarbimide,, amphipodal,, impracticably,, massaging]"
The cyclic subgroup of Z_24 generated by 18 has order,abstract_algebra,"[tricarbimide,, impracticably,, massaging,, amphipodal]"
The cyclic subgroup of Z_24 generated by 18 has order,abstract_algebra,"[tricarbimide,, impracticably,, amphipodal,, massaging]"
The cyclic subgroup of Z_24 generated by 18 has order,abstract_algebra,"[impracticably,, massaging,, amphipodal,, tricarbimide]"
The cyclic subgroup of Z_24 generated by 18 has order,abstract_algebra,"[impracticably,, massaging,, tricarbimide,, amphipodal]"
The cyclic subgroup of Z_24 generated by 18 has order,abstract_algebra,"[impracticably,, amphipodal,, massaging,, tricarbimide]"
The cyclic subgroup of Z_24 generated by 18 has order,abstract_algebra,"[impracticably,, amphipodal,, tricarbimide,, massaging]"
The cyclic subgroup of Z_24 generated by 18 has order,abstract_algebra,"[impracticably,, tricarbimide,, massaging,, amphipodal]"
The cyclic subgroup of Z_24 generated by 18 has order,abstract_algebra,"[impracticably,, tricarbimide,, amphipodal,, massaging]"
Find the order of the factor group Z_6/<3>.,abstract_algebra,"[hypertrophied,, sorbate,, hexachlorocyclohexane,, subunequal]"
Find the order of the factor group Z_6/<3>.,abstract_algebra,"[hypertrophied,, sorbate,, subunequal,, hexachlorocyclohexane]"
Find the order of the factor group Z_6/<3>.,abstract_algebra,"[hypertrophied,, hexachlorocyclohexane,, sorbate,, subunequal]"
Find the order of the factor group Z_6/<3>.,abstract_algebra,"[hypertrophied,, hexachlorocyclohexane,, subunequal,, sorbate]"
Find the order of the factor group Z_6/<3>.,abstract_algebra,"[hypertrophied,, subunequal,, sorbate,, hexachlorocyclohexane]"
Find the order of the factor group Z_6/<3>.,abstract_algebra,"[hypertrophied,, subunequal,, hexachlorocyclohexane,, sorbate]"
Find the order of the factor group Z_6/<3>.,abstract_algebra,"[sorbate,, hypertrophied,, hexachlorocyclohexane,, subunequal]"
Find the order of the factor group Z_6/<3>.,abstract_algebra,"[sorbate,, hypertrophied,, subunequal,, hexachlorocyclohexane]"
Find the order of the factor group Z_6/<3>.,abstract_algebra,"[sorbate,, hexachlorocyclohexane,, hypertrophied,, subunequal]"
Find the order of the factor group Z_6/<3>.,abstract_algebra,"[sorbate,, hexachlorocyclohexane,, subunequal,, hypertrophied]"
Find the order of the factor group Z_6/<3>.,abstract_algebra,"[sorbate,, subunequal,, hypertrophied,, hexachlorocyclohexane]"
Find the order of the factor group Z_6/<3>.,abstract_algebra,"[sorbate,, subunequal,, hexachlorocyclohexane,, hypertrophied]"
Find the order of the factor group Z_6/<3>.,abstract_algebra,"[hexachlorocyclohexane,, hypertrophied,, sorbate,, subunequal]"
Find the order of the factor group Z_6/<3>.,abstract_algebra,"[hexachlorocyclohexane,, hypertrophied,, subunequal,, sorbate]"
Find the order of the factor group Z_6/<3>.,abstract_algebra,"[hexachlorocyclohexane,, sorbate,, hypertrophied,, subunequal]"
Find the order of the factor group Z_6/<3>.,abstract_algebra,"[hexachlorocyclohexane,, sorbate,, subunequal,, hypertrophied]"
Find the order of the factor group Z_6/<3>.,abstract_algebra,"[hexachlorocyclohexane,, subunequal,, hypertrophied,, sorbate]"
Find the order of the factor group Z_6/<3>.,abstract_algebra,"[hexachlorocyclohexane,, subunequal,, sorbate,, hypertrophied]"
Find the order of the factor group Z_6/<3>.,abstract_algebra,"[subunequal,, hypertrophied,, sorbate,, hexachlorocyclohexane]"
Find the order of the factor group Z_6/<3>.,abstract_algebra,"[subunequal,, hypertrophied,, hexachlorocyclohexane,, sorbate]"
Find the order of the factor group Z_6/<3>.,abstract_algebra,"[subunequal,, sorbate,, hypertrophied,, hexachlorocyclohexane]"
Find the order of the factor group Z_6/<3>.,abstract_algebra,"[subunequal,, sorbate,, hexachlorocyclohexane,, hypertrophied]"
Find the order of the factor group Z_6/<3>.,abstract_algebra,"[subunequal,, hexachlorocyclohexane,, hypertrophied,, sorbate]"
Find the order of the factor group Z_6/<3>.,abstract_algebra,"[subunequal,, hexachlorocyclohexane,, sorbate,, hypertrophied]"
Statement 1 | A permutation that is a product of m even permutations and n odd permutations is an even permutation if and only if n is even. Statement 2 | Every group is isomorphic to a group of permutations.,abstract_algebra,"[liferenter,, unoxidative,, alunogen,, surges]"
Statement 1 | A permutation that is a product of m even permutations and n odd permutations is an even permutation if and only if n is even. Statement 2 | Every group is isomorphic to a group of permutations.,abstract_algebra,"[liferenter,, unoxidative,, surges,, alunogen]"
Statement 1 | A permutation that is a product of m even permutations and n odd permutations is an even permutation if and only if n is even. Statement 2 | Every group is isomorphic to a group of permutations.,abstract_algebra,"[liferenter,, alunogen,, unoxidative,, surges]"
Statement 1 | A permutation that is a product of m even permutations and n odd permutations is an even permutation if and only if n is even. Statement 2 | Every group is isomorphic to a group of permutations.,abstract_algebra,"[liferenter,, alunogen,, surges,, unoxidative]"
Statement 1 | A permutation that is a product of m even permutations and n odd permutations is an even permutation if and only if n is even. Statement 2 | Every group is isomorphic to a group of permutations.,abstract_algebra,"[liferenter,, surges,, unoxidative,, alunogen]"
Statement 1 | A permutation that is a product of m even permutations and n odd permutations is an even permutation if and only if n is even. Statement 2 | Every group is isomorphic to a group of permutations.,abstract_algebra,"[liferenter,, surges,, alunogen,, unoxidative]"
Statement 1 | A permutation that is a product of m even permutations and n odd permutations is an even permutation if and only if n is even. Statement 2 | Every group is isomorphic to a group of permutations.,abstract_algebra,"[unoxidative,, liferenter,, alunogen,, surges]"
Statement 1 | A permutation that is a product of m even permutations and n odd permutations is an even permutation if and only if n is even. Statement 2 | Every group is isomorphic to a group of permutations.,abstract_algebra,"[unoxidative,, liferenter,, surges,, alunogen]"
Statement 1 | A permutation that is a product of m even permutations and n odd permutations is an even permutation if and only if n is even. Statement 2 | Every group is isomorphic to a group of permutations.,abstract_algebra,"[unoxidative,, alunogen,, liferenter,, surges]"
Statement 1 | A permutation that is a product of m even permutations and n odd permutations is an even permutation if and only if n is even. Statement 2 | Every group is isomorphic to a group of permutations.,abstract_algebra,"[unoxidative,, alunogen,, surges,, liferenter]"
Statement 1 | A permutation that is a product of m even permutations and n odd permutations is an even permutation if and only if n is even. Statement 2 | Every group is isomorphic to a group of permutations.,abstract_algebra,"[unoxidative,, surges,, liferenter,, alunogen]"
Statement 1 | A permutation that is a product of m even permutations and n odd permutations is an even permutation if and only if n is even. Statement 2 | Every group is isomorphic to a group of permutations.,abstract_algebra,"[unoxidative,, surges,, alunogen,, liferenter]"
Statement 1 | A permutation that is a product of m even permutations and n odd permutations is an even permutation if and only if n is even. Statement 2 | Every group is isomorphic to a group of permutations.,abstract_algebra,"[alunogen,, liferenter,, unoxidative,, surges]"
Statement 1 | A permutation that is a product of m even permutations and n odd permutations is an even permutation if and only if n is even. Statement 2 | Every group is isomorphic to a group of permutations.,abstract_algebra,"[alunogen,, liferenter,, surges,, unoxidative]"
Statement 1 | A permutation that is a product of m even permutations and n odd permutations is an even permutation if and only if n is even. Statement 2 | Every group is isomorphic to a group of permutations.,abstract_algebra,"[alunogen,, unoxidative,, liferenter,, surges]"
Statement 1 | A permutation that is a product of m even permutations and n odd permutations is an even permutation if and only if n is even. Statement 2 | Every group is isomorphic to a group of permutations.,abstract_algebra,"[alunogen,, unoxidative,, surges,, liferenter]"
Statement 1 | A permutation that is a product of m even permutations and n odd permutations is an even permutation if and only if n is even. Statement 2 | Every group is isomorphic to a group of permutations.,abstract_algebra,"[alunogen,, surges,, liferenter,, unoxidative]"
Statement 1 | A permutation that is a product of m even permutations and n odd permutations is an even permutation if and only if n is even. Statement 2 | Every group is isomorphic to a group of permutations.,abstract_algebra,"[alunogen,, surges,, unoxidative,, liferenter]"
Statement 1 | A permutation that is a product of m even permutations and n odd permutations is an even permutation if and only if n is even. Statement 2 | Every group is isomorphic to a group of permutations.,abstract_algebra,"[surges,, liferenter,, unoxidative,, alunogen]"
Statement 1 | A permutation that is a product of m even permutations and n odd permutations is an even permutation if and only if n is even. Statement 2 | Every group is isomorphic to a group of permutations.,abstract_algebra,"[surges,, liferenter,, alunogen,, unoxidative]"
Statement 1 | A permutation that is a product of m even permutations and n odd permutations is an even permutation if and only if n is even. Statement 2 | Every group is isomorphic to a group of permutations.,abstract_algebra,"[surges,, unoxidative,, liferenter,, alunogen]"
Statement 1 | A permutation that is a product of m even permutations and n odd permutations is an even permutation if and only if n is even. Statement 2 | Every group is isomorphic to a group of permutations.,abstract_algebra,"[surges,, unoxidative,, alunogen,, liferenter]"
Statement 1 | A permutation that is a product of m even permutations and n odd permutations is an even permutation if and only if n is even. Statement 2 | Every group is isomorphic to a group of permutations.,abstract_algebra,"[surges,, alunogen,, liferenter,, unoxidative]"
Statement 1 | A permutation that is a product of m even permutations and n odd permutations is an even permutation if and only if n is even. Statement 2 | Every group is isomorphic to a group of permutations.,abstract_algebra,"[surges,, alunogen,, unoxidative,, liferenter]"
Find the order of the factor group (Z_4 x Z_12)/(<2> x <2>),abstract_algebra,"[rollouts,, wideband,, subfalciform,, necklike]"
Find the order of the factor group (Z_4 x Z_12)/(<2> x <2>),abstract_algebra,"[rollouts,, wideband,, necklike,, subfalciform]"
Find the order of the factor group (Z_4 x Z_12)/(<2> x <2>),abstract_algebra,"[rollouts,, subfalciform,, wideband,, necklike]"
Find the order of the factor group (Z_4 x Z_12)/(<2> x <2>),abstract_algebra,"[rollouts,, subfalciform,, necklike,, wideband]"
Find the order of the factor group (Z_4 x Z_12)/(<2> x <2>),abstract_algebra,"[rollouts,, necklike,, wideband,, subfalciform]"
Find the order of the factor group (Z_4 x Z_12)/(<2> x <2>),abstract_algebra,"[rollouts,, necklike,, subfalciform,, wideband]"
Find the order of the factor group (Z_4 x Z_12)/(<2> x <2>),abstract_algebra,"[wideband,, rollouts,, subfalciform,, necklike]"
Find the order of the factor group (Z_4 x Z_12)/(<2> x <2>),abstract_algebra,"[wideband,, rollouts,, necklike,, subfalciform]"
Find the order of the factor group (Z_4 x Z_12)/(<2> x <2>),abstract_algebra,"[wideband,, subfalciform,, rollouts,, necklike]"
Find the order of the factor group (Z_4 x Z_12)/(<2> x <2>),abstract_algebra,"[wideband,, subfalciform,, necklike,, rollouts]"
Find the order of the factor group (Z_4 x Z_12)/(<2> x <2>),abstract_algebra,"[wideband,, necklike,, rollouts,, subfalciform]"
Find the order of the factor group (Z_4 x Z_12)/(<2> x <2>),abstract_algebra,"[wideband,, necklike,, subfalciform,, rollouts]"
Find the order of the factor group (Z_4 x Z_12)/(<2> x <2>),abstract_algebra,"[subfalciform,, rollouts,, wideband,, necklike]"
Find the order of the factor group (Z_4 x Z_12)/(<2> x <2>),abstract_algebra,"[subfalciform,, rollouts,, necklike,, wideband]"
Find the order of the factor group (Z_4 x Z_12)/(<2> x <2>),abstract_algebra,"[subfalciform,, wideband,, rollouts,, necklike]"
Find the order of the factor group (Z_4 x Z_12)/(<2> x <2>),abstract_algebra,"[subfalciform,, wideband,, necklike,, rollouts]"
Find the order of the factor group (Z_4 x Z_12)/(<2> x <2>),abstract_algebra,"[subfalciform,, necklike,, rollouts,, wideband]"
Find the order of the factor group (Z_4 x Z_12)/(<2> x <2>),abstract_algebra,"[subfalciform,, necklike,, wideband,, rollouts]"
Find the order of the factor group (Z_4 x Z_12)/(<2> x <2>),abstract_algebra,"[necklike,, rollouts,, wideband,, subfalciform]"
Find the order of the factor group (Z_4 x Z_12)/(<2> x <2>),abstract_algebra,"[necklike,, rollouts,, subfalciform,, wideband]"
Find the order of the factor group (Z_4 x Z_12)/(<2> x <2>),abstract_algebra,"[necklike,, wideband,, rollouts,, subfalciform]"
Find the order of the factor group (Z_4 x Z_12)/(<2> x <2>),abstract_algebra,"[necklike,, wideband,, subfalciform,, rollouts]"
Find the order of the factor group (Z_4 x Z_12)/(<2> x <2>),abstract_algebra,"[necklike,, subfalciform,, rollouts,, wideband]"
Find the order of the factor group (Z_4 x Z_12)/(<2> x <2>),abstract_algebra,"[necklike,, subfalciform,, wideband,, rollouts]"
Find the maximum possible order for some element of Z_4 x Z_6.,abstract_algebra,"[lymphopenial,, preinfection,, acetanilide,, anama]"
Find the maximum possible order for some element of Z_4 x Z_6.,abstract_algebra,"[lymphopenial,, preinfection,, anama,, acetanilide]"
Find the maximum possible order for some element of Z_4 x Z_6.,abstract_algebra,"[lymphopenial,, acetanilide,, preinfection,, anama]"
Find the maximum possible order for some element of Z_4 x Z_6.,abstract_algebra,"[lymphopenial,, acetanilide,, anama,, preinfection]"
Find the maximum possible order for some element of Z_4 x Z_6.,abstract_algebra,"[lymphopenial,, anama,, preinfection,, acetanilide]"
Find the maximum possible order for some element of Z_4 x Z_6.,abstract_algebra,"[lymphopenial,, anama,, acetanilide,, preinfection]"
Find the maximum possible order for some element of Z_4 x Z_6.,abstract_algebra,"[preinfection,, lymphopenial,, acetanilide,, anama]"
Find the maximum possible order for some element of Z_4 x Z_6.,abstract_algebra,"[preinfection,, lymphopenial,, anama,, acetanilide]"
Find the maximum possible order for some element of Z_4 x Z_6.,abstract_algebra,"[preinfection,, acetanilide,, lymphopenial,, anama]"
Find the maximum possible order for some element of Z_4 x Z_6.,abstract_algebra,"[preinfection,, acetanilide,, anama,, lymphopenial]"
Find the maximum possible order for some element of Z_4 x Z_6.,abstract_algebra,"[preinfection,, anama,, lymphopenial,, acetanilide]"
Find the maximum possible order for some element of Z_4 x Z_6.,abstract_algebra,"[preinfection,, anama,, acetanilide,, lymphopenial]"
Find the maximum possible order for some element of Z_4 x Z_6.,abstract_algebra,"[acetanilide,, lymphopenial,, preinfection,, anama]"
Find the maximum possible order for some element of Z_4 x Z_6.,abstract_algebra,"[acetanilide,, lymphopenial,, anama,, preinfection]"
Find the maximum possible order for some element of Z_4 x Z_6.,abstract_algebra,"[acetanilide,, preinfection,, lymphopenial,, anama]"
Find the maximum possible order for some element of Z_4 x Z_6.,abstract_algebra,"[acetanilide,, preinfection,, anama,, lymphopenial]"
Find the maximum possible order for some element of Z_4 x Z_6.,abstract_algebra,"[acetanilide,, anama,, lymphopenial,, preinfection]"
Find the maximum possible order for some element of Z_4 x Z_6.,abstract_algebra,"[acetanilide,, anama,, preinfection,, lymphopenial]"
Find the maximum possible order for some element of Z_4 x Z_6.,abstract_algebra,"[anama,, lymphopenial,, preinfection,, acetanilide]"
Find the maximum possible order for some element of Z_4 x Z_6.,abstract_algebra,"[anama,, lymphopenial,, acetanilide,, preinfection]"
Find the maximum possible order for some element of Z_4 x Z_6.,abstract_algebra,"[anama,, preinfection,, lymphopenial,, acetanilide]"
Find the maximum possible order for some element of Z_4 x Z_6.,abstract_algebra,"[anama,, preinfection,, acetanilide,, lymphopenial]"
Find the maximum possible order for some element of Z_4 x Z_6.,abstract_algebra,"[anama,, acetanilide,, lymphopenial,, preinfection]"
Find the maximum possible order for some element of Z_4 x Z_6.,abstract_algebra,"[anama,, acetanilide,, preinfection,, lymphopenial]"
Statement 1 | The symmetric group S_3 is cyclic. Statement 2 | Every group is isomorphic to some group of permutations.,abstract_algebra,"[tamacoare,, linkiest,, pourvete,, lachrymogenic]"
Statement 1 | The symmetric group S_3 is cyclic. Statement 2 | Every group is isomorphic to some group of permutations.,abstract_algebra,"[tamacoare,, linkiest,, lachrymogenic,, pourvete]"
Statement 1 | The symmetric group S_3 is cyclic. Statement 2 | Every group is isomorphic to some group of permutations.,abstract_algebra,"[tamacoare,, pourvete,, linkiest,, lachrymogenic]"
Statement 1 | The symmetric group S_3 is cyclic. Statement 2 | Every group is isomorphic to some group of permutations.,abstract_algebra,"[tamacoare,, pourvete,, lachrymogenic,, linkiest]"
Statement 1 | The symmetric group S_3 is cyclic. Statement 2 | Every group is isomorphic to some group of permutations.,abstract_algebra,"[tamacoare,, lachrymogenic,, linkiest,, pourvete]"
Statement 1 | The symmetric group S_3 is cyclic. Statement 2 | Every group is isomorphic to some group of permutations.,abstract_algebra,"[tamacoare,, lachrymogenic,, pourvete,, linkiest]"
Statement 1 | The symmetric group S_3 is cyclic. Statement 2 | Every group is isomorphic to some group of permutations.,abstract_algebra,"[linkiest,, tamacoare,, pourvete,, lachrymogenic]"
Statement 1 | The symmetric group S_3 is cyclic. Statement 2 | Every group is isomorphic to some group of permutations.,abstract_algebra,"[linkiest,, tamacoare,, lachrymogenic,, pourvete]"
Statement 1 | The symmetric group S_3 is cyclic. Statement 2 | Every group is isomorphic to some group of permutations.,abstract_algebra,"[linkiest,, pourvete,, tamacoare,, lachrymogenic]"
Statement 1 | The symmetric group S_3 is cyclic. Statement 2 | Every group is isomorphic to some group of permutations.,abstract_algebra,"[linkiest,, pourvete,, lachrymogenic,, tamacoare]"
Statement 1 | The symmetric group S_3 is cyclic. Statement 2 | Every group is isomorphic to some group of permutations.,abstract_algebra,"[linkiest,, lachrymogenic,, tamacoare,, pourvete]"
Statement 1 | The symmetric group S_3 is cyclic. Statement 2 | Every group is isomorphic to some group of permutations.,abstract_algebra,"[linkiest,, lachrymogenic,, pourvete,, tamacoare]"
Statement 1 | The symmetric group S_3 is cyclic. Statement 2 | Every group is isomorphic to some group of permutations.,abstract_algebra,"[pourvete,, tamacoare,, linkiest,, lachrymogenic]"
Statement 1 | The symmetric group S_3 is cyclic. Statement 2 | Every group is isomorphic to some group of permutations.,abstract_algebra,"[pourvete,, tamacoare,, lachrymogenic,, linkiest]"
Statement 1 | The symmetric group S_3 is cyclic. Statement 2 | Every group is isomorphic to some group of permutations.,abstract_algebra,"[pourvete,, linkiest,, tamacoare,, lachrymogenic]"
Statement 1 | The symmetric group S_3 is cyclic. Statement 2 | Every group is isomorphic to some group of permutations.,abstract_algebra,"[pourvete,, linkiest,, lachrymogenic,, tamacoare]"
Statement 1 | The symmetric group S_3 is cyclic. Statement 2 | Every group is isomorphic to some group of permutations.,abstract_algebra,"[pourvete,, lachrymogenic,, tamacoare,, linkiest]"
Statement 1 | The symmetric group S_3 is cyclic. Statement 2 | Every group is isomorphic to some group of permutations.,abstract_algebra,"[pourvete,, lachrymogenic,, linkiest,, tamacoare]"
Statement 1 | The symmetric group S_3 is cyclic. Statement 2 | Every group is isomorphic to some group of permutations.,abstract_algebra,"[lachrymogenic,, tamacoare,, linkiest,, pourvete]"
Statement 1 | The symmetric group S_3 is cyclic. Statement 2 | Every group is isomorphic to some group of permutations.,abstract_algebra,"[lachrymogenic,, tamacoare,, pourvete,, linkiest]"
Statement 1 | The symmetric group S_3 is cyclic. Statement 2 | Every group is isomorphic to some group of permutations.,abstract_algebra,"[lachrymogenic,, linkiest,, tamacoare,, pourvete]"
Statement 1 | The symmetric group S_3 is cyclic. Statement 2 | Every group is isomorphic to some group of permutations.,abstract_algebra,"[lachrymogenic,, linkiest,, pourvete,, tamacoare]"
Statement 1 | The symmetric group S_3 is cyclic. Statement 2 | Every group is isomorphic to some group of permutations.,abstract_algebra,"[lachrymogenic,, pourvete,, tamacoare,, linkiest]"
Statement 1 | The symmetric group S_3 is cyclic. Statement 2 | Every group is isomorphic to some group of permutations.,abstract_algebra,"[lachrymogenic,, pourvete,, linkiest,, tamacoare]"
"Statement 1 | If a and b are elements of finite order in an Abelian group, then |ab| is the lcm (|a|,|b|). Statement 2 | If g is a group element and g^n = e, then |g| = n.",abstract_algebra,"[depressionary,, mabinogion,, unclassableness,, nontangentially]"
"Statement 1 | If a and b are elements of finite order in an Abelian group, then |ab| is the lcm (|a|,|b|). Statement 2 | If g is a group element and g^n = e, then |g| = n.",abstract_algebra,"[depressionary,, mabinogion,, nontangentially,, unclassableness]"
"Statement 1 | If a and b are elements of finite order in an Abelian group, then |ab| is the lcm (|a|,|b|). Statement 2 | If g is a group element and g^n = e, then |g| = n.",abstract_algebra,"[depressionary,, unclassableness,, mabinogion,, nontangentially]"
"Statement 1 | If a and b are elements of finite order in an Abelian group, then |ab| is the lcm (|a|,|b|). Statement 2 | If g is a group element and g^n = e, then |g| = n.",abstract_algebra,"[depressionary,, unclassableness,, nontangentially,, mabinogion]"
"Statement 1 | If a and b are elements of finite order in an Abelian group, then |ab| is the lcm (|a|,|b|). Statement 2 | If g is a group element and g^n = e, then |g| = n.",abstract_algebra,"[depressionary,, nontangentially,, mabinogion,, unclassableness]"
"Statement 1 | If a and b are elements of finite order in an Abelian group, then |ab| is the lcm (|a|,|b|). Statement 2 | If g is a group element and g^n = e, then |g| = n.",abstract_algebra,"[depressionary,, nontangentially,, unclassableness,, mabinogion]"
"Statement 1 | If a and b are elements of finite order in an Abelian group, then |ab| is the lcm (|a|,|b|). Statement 2 | If g is a group element and g^n = e, then |g| = n.",abstract_algebra,"[mabinogion,, depressionary,, unclassableness,, nontangentially]"
"Statement 1 | If a and b are elements of finite order in an Abelian group, then |ab| is the lcm (|a|,|b|). Statement 2 | If g is a group element and g^n = e, then |g| = n.",abstract_algebra,"[mabinogion,, depressionary,, nontangentially,, unclassableness]"
"Statement 1 | If a and b are elements of finite order in an Abelian group, then |ab| is the lcm (|a|,|b|). Statement 2 | If g is a group element and g^n = e, then |g| = n.",abstract_algebra,"[mabinogion,, unclassableness,, depressionary,, nontangentially]"
"Statement 1 | If a and b are elements of finite order in an Abelian group, then |ab| is the lcm (|a|,|b|). Statement 2 | If g is a group element and g^n = e, then |g| = n.",abstract_algebra,"[mabinogion,, unclassableness,, nontangentially,, depressionary]"
"Statement 1 | If a and b are elements of finite order in an Abelian group, then |ab| is the lcm (|a|,|b|). Statement 2 | If g is a group element and g^n = e, then |g| = n.",abstract_algebra,"[mabinogion,, nontangentially,, depressionary,, unclassableness]"
"Statement 1 | If a and b are elements of finite order in an Abelian group, then |ab| is the lcm (|a|,|b|). Statement 2 | If g is a group element and g^n = e, then |g| = n.",abstract_algebra,"[mabinogion,, nontangentially,, unclassableness,, depressionary]"
"Statement 1 | If a and b are elements of finite order in an Abelian group, then |ab| is the lcm (|a|,|b|). Statement 2 | If g is a group element and g^n = e, then |g| = n.",abstract_algebra,"[unclassableness,, depressionary,, mabinogion,, nontangentially]"
"Statement 1 | If a and b are elements of finite order in an Abelian group, then |ab| is the lcm (|a|,|b|). Statement 2 | If g is a group element and g^n = e, then |g| = n.",abstract_algebra,"[unclassableness,, depressionary,, nontangentially,, mabinogion]"
"Statement 1 | If a and b are elements of finite order in an Abelian group, then |ab| is the lcm (|a|,|b|). Statement 2 | If g is a group element and g^n = e, then |g| = n.",abstract_algebra,"[unclassableness,, mabinogion,, depressionary,, nontangentially]"
"Statement 1 | If a and b are elements of finite order in an Abelian group, then |ab| is the lcm (|a|,|b|). Statement 2 | If g is a group element and g^n = e, then |g| = n.",abstract_algebra,"[unclassableness,, mabinogion,, nontangentially,, depressionary]"
"Statement 1 | If a and b are elements of finite order in an Abelian group, then |ab| is the lcm (|a|,|b|). Statement 2 | If g is a group element and g^n = e, then |g| = n.",abstract_algebra,"[unclassableness,, nontangentially,, depressionary,, mabinogion]"
"Statement 1 | If a and b are elements of finite order in an Abelian group, then |ab| is the lcm (|a|,|b|). Statement 2 | If g is a group element and g^n = e, then |g| = n.",abstract_algebra,"[unclassableness,, nontangentially,, mabinogion,, depressionary]"
"Statement 1 | If a and b are elements of finite order in an Abelian group, then |ab| is the lcm (|a|,|b|). Statement 2 | If g is a group element and g^n = e, then |g| = n.",abstract_algebra,"[nontangentially,, depressionary,, mabinogion,, unclassableness]"
"Statement 1 | If a and b are elements of finite order in an Abelian group, then |ab| is the lcm (|a|,|b|). Statement 2 | If g is a group element and g^n = e, then |g| = n.",abstract_algebra,"[nontangentially,, depressionary,, unclassableness,, mabinogion]"
"Statement 1 | If a and b are elements of finite order in an Abelian group, then |ab| is the lcm (|a|,|b|). Statement 2 | If g is a group element and g^n = e, then |g| = n.",abstract_algebra,"[nontangentially,, mabinogion,, depressionary,, unclassableness]"
"Statement 1 | If a and b are elements of finite order in an Abelian group, then |ab| is the lcm (|a|,|b|). Statement 2 | If g is a group element and g^n = e, then |g| = n.",abstract_algebra,"[nontangentially,, mabinogion,, unclassableness,, depressionary]"
"Statement 1 | If a and b are elements of finite order in an Abelian group, then |ab| is the lcm (|a|,|b|). Statement 2 | If g is a group element and g^n = e, then |g| = n.",abstract_algebra,"[nontangentially,, unclassableness,, depressionary,, mabinogion]"
"Statement 1 | If a and b are elements of finite order in an Abelian group, then |ab| is the lcm (|a|,|b|). Statement 2 | If g is a group element and g^n = e, then |g| = n.",abstract_algebra,"[nontangentially,, unclassableness,, mabinogion,, depressionary]"
"Statement 1 | If f is a homomorphism from G to K and H is normal in G then f(H) is normal in K. Statement 2 | If f is a homomorphism from G to a group and H is finite subgroup of G, then |f(H)| divides |H|.",abstract_algebra,"[hemophilia,, barratrous,, uneffeminated,, antiportable]"
"Statement 1 | If f is a homomorphism from G to K and H is normal in G then f(H) is normal in K. Statement 2 | If f is a homomorphism from G to a group and H is finite subgroup of G, then |f(H)| divides |H|.",abstract_algebra,"[hemophilia,, barratrous,, antiportable,, uneffeminated]"
"Statement 1 | If f is a homomorphism from G to K and H is normal in G then f(H) is normal in K. Statement 2 | If f is a homomorphism from G to a group and H is finite subgroup of G, then |f(H)| divides |H|.",abstract_algebra,"[hemophilia,, uneffeminated,, barratrous,, antiportable]"
"Statement 1 | If f is a homomorphism from G to K and H is normal in G then f(H) is normal in K. Statement 2 | If f is a homomorphism from G to a group and H is finite subgroup of G, then |f(H)| divides |H|.",abstract_algebra,"[hemophilia,, uneffeminated,, antiportable,, barratrous]"
"Statement 1 | If f is a homomorphism from G to K and H is normal in G then f(H) is normal in K. Statement 2 | If f is a homomorphism from G to a group and H is finite subgroup of G, then |f(H)| divides |H|.",abstract_algebra,"[hemophilia,, antiportable,, barratrous,, uneffeminated]"
"Statement 1 | If f is a homomorphism from G to K and H is normal in G then f(H) is normal in K. Statement 2 | If f is a homomorphism from G to a group and H is finite subgroup of G, then |f(H)| divides |H|.",abstract_algebra,"[hemophilia,, antiportable,, uneffeminated,, barratrous]"
"Statement 1 | If f is a homomorphism from G to K and H is normal in G then f(H) is normal in K. Statement 2 | If f is a homomorphism from G to a group and H is finite subgroup of G, then |f(H)| divides |H|.",abstract_algebra,"[barratrous,, hemophilia,, uneffeminated,, antiportable]"
"Statement 1 | If f is a homomorphism from G to K and H is normal in G then f(H) is normal in K. Statement 2 | If f is a homomorphism from G to a group and H is finite subgroup of G, then |f(H)| divides |H|.",abstract_algebra,"[barratrous,, hemophilia,, antiportable,, uneffeminated]"
"Statement 1 | If f is a homomorphism from G to K and H is normal in G then f(H) is normal in K. Statement 2 | If f is a homomorphism from G to a group and H is finite subgroup of G, then |f(H)| divides |H|.",abstract_algebra,"[barratrous,, uneffeminated,, hemophilia,, antiportable]"
"Statement 1 | If f is a homomorphism from G to K and H is normal in G then f(H) is normal in K. Statement 2 | If f is a homomorphism from G to a group and H is finite subgroup of G, then |f(H)| divides |H|.",abstract_algebra,"[barratrous,, uneffeminated,, antiportable,, hemophilia]"
"Statement 1 | If f is a homomorphism from G to K and H is normal in G then f(H) is normal in K. Statement 2 | If f is a homomorphism from G to a group and H is finite subgroup of G, then |f(H)| divides |H|.",abstract_algebra,"[barratrous,, antiportable,, hemophilia,, uneffeminated]"
"Statement 1 | If f is a homomorphism from G to K and H is normal in G then f(H) is normal in K. Statement 2 | If f is a homomorphism from G to a group and H is finite subgroup of G, then |f(H)| divides |H|.",abstract_algebra,"[barratrous,, antiportable,, uneffeminated,, hemophilia]"
"Statement 1 | If f is a homomorphism from G to K and H is normal in G then f(H) is normal in K. Statement 2 | If f is a homomorphism from G to a group and H is finite subgroup of G, then |f(H)| divides |H|.",abstract_algebra,"[uneffeminated,, hemophilia,, barratrous,, antiportable]"
"Statement 1 | If f is a homomorphism from G to K and H is normal in G then f(H) is normal in K. Statement 2 | If f is a homomorphism from G to a group and H is finite subgroup of G, then |f(H)| divides |H|.",abstract_algebra,"[uneffeminated,, hemophilia,, antiportable,, barratrous]"
"Statement 1 | If f is a homomorphism from G to K and H is normal in G then f(H) is normal in K. Statement 2 | If f is a homomorphism from G to a group and H is finite subgroup of G, then |f(H)| divides |H|.",abstract_algebra,"[uneffeminated,, barratrous,, hemophilia,, antiportable]"
"Statement 1 | If f is a homomorphism from G to K and H is normal in G then f(H) is normal in K. Statement 2 | If f is a homomorphism from G to a group and H is finite subgroup of G, then |f(H)| divides |H|.",abstract_algebra,"[uneffeminated,, barratrous,, antiportable,, hemophilia]"
"Statement 1 | If f is a homomorphism from G to K and H is normal in G then f(H) is normal in K. Statement 2 | If f is a homomorphism from G to a group and H is finite subgroup of G, then |f(H)| divides |H|.",abstract_algebra,"[uneffeminated,, antiportable,, hemophilia,, barratrous]"
"Statement 1 | If f is a homomorphism from G to K and H is normal in G then f(H) is normal in K. Statement 2 | If f is a homomorphism from G to a group and H is finite subgroup of G, then |f(H)| divides |H|.",abstract_algebra,"[uneffeminated,, antiportable,, barratrous,, hemophilia]"
"Statement 1 | If f is a homomorphism from G to K and H is normal in G then f(H) is normal in K. Statement 2 | If f is a homomorphism from G to a group and H is finite subgroup of G, then |f(H)| divides |H|.",abstract_algebra,"[antiportable,, hemophilia,, barratrous,, uneffeminated]"
"Statement 1 | If f is a homomorphism from G to K and H is normal in G then f(H) is normal in K. Statement 2 | If f is a homomorphism from G to a group and H is finite subgroup of G, then |f(H)| divides |H|.",abstract_algebra,"[antiportable,, hemophilia,, uneffeminated,, barratrous]"
"Statement 1 | If f is a homomorphism from G to K and H is normal in G then f(H) is normal in K. Statement 2 | If f is a homomorphism from G to a group and H is finite subgroup of G, then |f(H)| divides |H|.",abstract_algebra,"[antiportable,, barratrous,, hemophilia,, uneffeminated]"
"Statement 1 | If f is a homomorphism from G to K and H is normal in G then f(H) is normal in K. Statement 2 | If f is a homomorphism from G to a group and H is finite subgroup of G, then |f(H)| divides |H|.",abstract_algebra,"[antiportable,, barratrous,, uneffeminated,, hemophilia]"
"Statement 1 | If f is a homomorphism from G to K and H is normal in G then f(H) is normal in K. Statement 2 | If f is a homomorphism from G to a group and H is finite subgroup of G, then |f(H)| divides |H|.",abstract_algebra,"[antiportable,, uneffeminated,, hemophilia,, barratrous]"
"Statement 1 | If f is a homomorphism from G to K and H is normal in G then f(H) is normal in K. Statement 2 | If f is a homomorphism from G to a group and H is finite subgroup of G, then |f(H)| divides |H|.",abstract_algebra,"[antiportable,, uneffeminated,, barratrous,, hemophilia]"
Find the maximum possible order for an element of S_n for n = 7.,abstract_algebra,"[cudgerie,, shasliks,, isocorybulbin,, arborization]"
Find the maximum possible order for an element of S_n for n = 7.,abstract_algebra,"[cudgerie,, shasliks,, arborization,, isocorybulbin]"
Find the maximum possible order for an element of S_n for n = 7.,abstract_algebra,"[cudgerie,, isocorybulbin,, shasliks,, arborization]"
Find the maximum possible order for an element of S_n for n = 7.,abstract_algebra,"[cudgerie,, isocorybulbin,, arborization,, shasliks]"
Find the maximum possible order for an element of S_n for n = 7.,abstract_algebra,"[cudgerie,, arborization,, shasliks,, isocorybulbin]"
Find the maximum possible order for an element of S_n for n = 7.,abstract_algebra,"[cudgerie,, arborization,, isocorybulbin,, shasliks]"
Find the maximum possible order for an element of S_n for n = 7.,abstract_algebra,"[shasliks,, cudgerie,, isocorybulbin,, arborization]"
Find the maximum possible order for an element of S_n for n = 7.,abstract_algebra,"[shasliks,, cudgerie,, arborization,, isocorybulbin]"
Find the maximum possible order for an element of S_n for n = 7.,abstract_algebra,"[shasliks,, isocorybulbin,, cudgerie,, arborization]"
Find the maximum possible order for an element of S_n for n = 7.,abstract_algebra,"[shasliks,, isocorybulbin,, arborization,, cudgerie]"
Find the maximum possible order for an element of S_n for n = 7.,abstract_algebra,"[shasliks,, arborization,, cudgerie,, isocorybulbin]"
Find the maximum possible order for an element of S_n for n = 7.,abstract_algebra,"[shasliks,, arborization,, isocorybulbin,, cudgerie]"
Find the maximum possible order for an element of S_n for n = 7.,abstract_algebra,"[isocorybulbin,, cudgerie,, shasliks,, arborization]"
Find the maximum possible order for an element of S_n for n = 7.,abstract_algebra,"[isocorybulbin,, cudgerie,, arborization,, shasliks]"
Find the maximum possible order for an element of S_n for n = 7.,abstract_algebra,"[isocorybulbin,, shasliks,, cudgerie,, arborization]"
Find the maximum possible order for an element of S_n for n = 7.,abstract_algebra,"[isocorybulbin,, shasliks,, arborization,, cudgerie]"
Find the maximum possible order for an element of S_n for n = 7.,abstract_algebra,"[isocorybulbin,, arborization,, cudgerie,, shasliks]"
Find the maximum possible order for an element of S_n for n = 7.,abstract_algebra,"[isocorybulbin,, arborization,, shasliks,, cudgerie]"
Find the maximum possible order for an element of S_n for n = 7.,abstract_algebra,"[arborization,, cudgerie,, shasliks,, isocorybulbin]"
Find the maximum possible order for an element of S_n for n = 7.,abstract_algebra,"[arborization,, cudgerie,, isocorybulbin,, shasliks]"
Find the maximum possible order for an element of S_n for n = 7.,abstract_algebra,"[arborization,, shasliks,, cudgerie,, isocorybulbin]"
Find the maximum possible order for an element of S_n for n = 7.,abstract_algebra,"[arborization,, shasliks,, isocorybulbin,, cudgerie]"
Find the maximum possible order for an element of S_n for n = 7.,abstract_algebra,"[arborization,, isocorybulbin,, cudgerie,, shasliks]"
Find the maximum possible order for an element of S_n for n = 7.,abstract_algebra,"[arborization,, isocorybulbin,, shasliks,, cudgerie]"
Statement 1 | Every integral domain has a field of quotients. Statement 2 | A polynomial of degree n over a ring can have at most n zeros counting multiplicity.,abstract_algebra,"[pseudotracheal,, overappreciative,, quinquagenary,, guajiras]"
Statement 1 | Every integral domain has a field of quotients. Statement 2 | A polynomial of degree n over a ring can have at most n zeros counting multiplicity.,abstract_algebra,"[pseudotracheal,, overappreciative,, guajiras,, quinquagenary]"
Statement 1 | Every integral domain has a field of quotients. Statement 2 | A polynomial of degree n over a ring can have at most n zeros counting multiplicity.,abstract_algebra,"[pseudotracheal,, quinquagenary,, overappreciative,, guajiras]"
Statement 1 | Every integral domain has a field of quotients. Statement 2 | A polynomial of degree n over a ring can have at most n zeros counting multiplicity.,abstract_algebra,"[pseudotracheal,, quinquagenary,, guajiras,, overappreciative]"
Statement 1 | Every integral domain has a field of quotients. Statement 2 | A polynomial of degree n over a ring can have at most n zeros counting multiplicity.,abstract_algebra,"[pseudotracheal,, guajiras,, overappreciative,, quinquagenary]"
Statement 1 | Every integral domain has a field of quotients. Statement 2 | A polynomial of degree n over a ring can have at most n zeros counting multiplicity.,abstract_algebra,"[pseudotracheal,, guajiras,, quinquagenary,, overappreciative]"
Statement 1 | Every integral domain has a field of quotients. Statement 2 | A polynomial of degree n over a ring can have at most n zeros counting multiplicity.,abstract_algebra,"[overappreciative,, pseudotracheal,, quinquagenary,, guajiras]"
Statement 1 | Every integral domain has a field of quotients. Statement 2 | A polynomial of degree n over a ring can have at most n zeros counting multiplicity.,abstract_algebra,"[overappreciative,, pseudotracheal,, guajiras,, quinquagenary]"
Statement 1 | Every integral domain has a field of quotients. Statement 2 | A polynomial of degree n over a ring can have at most n zeros counting multiplicity.,abstract_algebra,"[overappreciative,, quinquagenary,, pseudotracheal,, guajiras]"
Statement 1 | Every integral domain has a field of quotients. Statement 2 | A polynomial of degree n over a ring can have at most n zeros counting multiplicity.,abstract_algebra,"[overappreciative,, quinquagenary,, guajiras,, pseudotracheal]"
Statement 1 | Every integral domain has a field of quotients. Statement 2 | A polynomial of degree n over a ring can have at most n zeros counting multiplicity.,abstract_algebra,"[overappreciative,, guajiras,, pseudotracheal,, quinquagenary]"
Statement 1 | Every integral domain has a field of quotients. Statement 2 | A polynomial of degree n over a ring can have at most n zeros counting multiplicity.,abstract_algebra,"[overappreciative,, guajiras,, quinquagenary,, pseudotracheal]"
Statement 1 | Every integral domain has a field of quotients. Statement 2 | A polynomial of degree n over a ring can have at most n zeros counting multiplicity.,abstract_algebra,"[quinquagenary,, pseudotracheal,, overappreciative,, guajiras]"
Statement 1 | Every integral domain has a field of quotients. Statement 2 | A polynomial of degree n over a ring can have at most n zeros counting multiplicity.,abstract_algebra,"[quinquagenary,, pseudotracheal,, guajiras,, overappreciative]"
Statement 1 | Every integral domain has a field of quotients. Statement 2 | A polynomial of degree n over a ring can have at most n zeros counting multiplicity.,abstract_algebra,"[quinquagenary,, overappreciative,, pseudotracheal,, guajiras]"
Statement 1 | Every integral domain has a field of quotients. Statement 2 | A polynomial of degree n over a ring can have at most n zeros counting multiplicity.,abstract_algebra,"[quinquagenary,, overappreciative,, guajiras,, pseudotracheal]"
Statement 1 | Every integral domain has a field of quotients. Statement 2 | A polynomial of degree n over a ring can have at most n zeros counting multiplicity.,abstract_algebra,"[quinquagenary,, guajiras,, pseudotracheal,, overappreciative]"
Statement 1 | Every integral domain has a field of quotients. Statement 2 | A polynomial of degree n over a ring can have at most n zeros counting multiplicity.,abstract_algebra,"[quinquagenary,, guajiras,, overappreciative,, pseudotracheal]"
Statement 1 | Every integral domain has a field of quotients. Statement 2 | A polynomial of degree n over a ring can have at most n zeros counting multiplicity.,abstract_algebra,"[guajiras,, pseudotracheal,, overappreciative,, quinquagenary]"
Statement 1 | Every integral domain has a field of quotients. Statement 2 | A polynomial of degree n over a ring can have at most n zeros counting multiplicity.,abstract_algebra,"[guajiras,, pseudotracheal,, quinquagenary,, overappreciative]"
Statement 1 | Every integral domain has a field of quotients. Statement 2 | A polynomial of degree n over a ring can have at most n zeros counting multiplicity.,abstract_algebra,"[guajiras,, overappreciative,, pseudotracheal,, quinquagenary]"
Statement 1 | Every integral domain has a field of quotients. Statement 2 | A polynomial of degree n over a ring can have at most n zeros counting multiplicity.,abstract_algebra,"[guajiras,, overappreciative,, quinquagenary,, pseudotracheal]"
Statement 1 | Every integral domain has a field of quotients. Statement 2 | A polynomial of degree n over a ring can have at most n zeros counting multiplicity.,abstract_algebra,"[guajiras,, quinquagenary,, pseudotracheal,, overappreciative]"
Statement 1 | Every integral domain has a field of quotients. Statement 2 | A polynomial of degree n over a ring can have at most n zeros counting multiplicity.,abstract_algebra,"[guajiras,, quinquagenary,, overappreciative,, pseudotracheal]"
"Statement 1 | If a group has an element of order 10, then the number of elements of order 10 is divisible by 4. Statement 2 | If m and n are positive integers and phi is the Euler phi function, then phi(mn) = phi(m)phi(n).",abstract_algebra,"[redressal,, semisentimental,, nongerundial,, occipitoaxial]"
"Statement 1 | If a group has an element of order 10, then the number of elements of order 10 is divisible by 4. Statement 2 | If m and n are positive integers and phi is the Euler phi function, then phi(mn) = phi(m)phi(n).",abstract_algebra,"[redressal,, semisentimental,, occipitoaxial,, nongerundial]"
"Statement 1 | If a group has an element of order 10, then the number of elements of order 10 is divisible by 4. Statement 2 | If m and n are positive integers and phi is the Euler phi function, then phi(mn) = phi(m)phi(n).",abstract_algebra,"[redressal,, nongerundial,, semisentimental,, occipitoaxial]"
"Statement 1 | If a group has an element of order 10, then the number of elements of order 10 is divisible by 4. Statement 2 | If m and n are positive integers and phi is the Euler phi function, then phi(mn) = phi(m)phi(n).",abstract_algebra,"[redressal,, nongerundial,, occipitoaxial,, semisentimental]"
"Statement 1 | If a group has an element of order 10, then the number of elements of order 10 is divisible by 4. Statement 2 | If m and n are positive integers and phi is the Euler phi function, then phi(mn) = phi(m)phi(n).",abstract_algebra,"[redressal,, occipitoaxial,, semisentimental,, nongerundial]"
"Statement 1 | If a group has an element of order 10, then the number of elements of order 10 is divisible by 4. Statement 2 | If m and n are positive integers and phi is the Euler phi function, then phi(mn) = phi(m)phi(n).",abstract_algebra,"[redressal,, occipitoaxial,, nongerundial,, semisentimental]"
"Statement 1 | If a group has an element of order 10, then the number of elements of order 10 is divisible by 4. Statement 2 | If m and n are positive integers and phi is the Euler phi function, then phi(mn) = phi(m)phi(n).",abstract_algebra,"[semisentimental,, redressal,, nongerundial,, occipitoaxial]"
"Statement 1 | If a group has an element of order 10, then the number of elements of order 10 is divisible by 4. Statement 2 | If m and n are positive integers and phi is the Euler phi function, then phi(mn) = phi(m)phi(n).",abstract_algebra,"[semisentimental,, redressal,, occipitoaxial,, nongerundial]"
"Statement 1 | If a group has an element of order 10, then the number of elements of order 10 is divisible by 4. Statement 2 | If m and n are positive integers and phi is the Euler phi function, then phi(mn) = phi(m)phi(n).",abstract_algebra,"[semisentimental,, nongerundial,, redressal,, occipitoaxial]"
"Statement 1 | If a group has an element of order 10, then the number of elements of order 10 is divisible by 4. Statement 2 | If m and n are positive integers and phi is the Euler phi function, then phi(mn) = phi(m)phi(n).",abstract_algebra,"[semisentimental,, nongerundial,, occipitoaxial,, redressal]"
"Statement 1 | If a group has an element of order 10, then the number of elements of order 10 is divisible by 4. Statement 2 | If m and n are positive integers and phi is the Euler phi function, then phi(mn) = phi(m)phi(n).",abstract_algebra,"[semisentimental,, occipitoaxial,, redressal,, nongerundial]"
"Statement 1 | If a group has an element of order 10, then the number of elements of order 10 is divisible by 4. Statement 2 | If m and n are positive integers and phi is the Euler phi function, then phi(mn) = phi(m)phi(n).",abstract_algebra,"[semisentimental,, occipitoaxial,, nongerundial,, redressal]"
"Statement 1 | If a group has an element of order 10, then the number of elements of order 10 is divisible by 4. Statement 2 | If m and n are positive integers and phi is the Euler phi function, then phi(mn) = phi(m)phi(n).",abstract_algebra,"[nongerundial,, redressal,, semisentimental,, occipitoaxial]"
"Statement 1 | If a group has an element of order 10, then the number of elements of order 10 is divisible by 4. Statement 2 | If m and n are positive integers and phi is the Euler phi function, then phi(mn) = phi(m)phi(n).",abstract_algebra,"[nongerundial,, redressal,, occipitoaxial,, semisentimental]"
"Statement 1 | If a group has an element of order 10, then the number of elements of order 10 is divisible by 4. Statement 2 | If m and n are positive integers and phi is the Euler phi function, then phi(mn) = phi(m)phi(n).",abstract_algebra,"[nongerundial,, semisentimental,, redressal,, occipitoaxial]"
"Statement 1 | If a group has an element of order 10, then the number of elements of order 10 is divisible by 4. Statement 2 | If m and n are positive integers and phi is the Euler phi function, then phi(mn) = phi(m)phi(n).",abstract_algebra,"[nongerundial,, semisentimental,, occipitoaxial,, redressal]"
"Statement 1 | If a group has an element of order 10, then the number of elements of order 10 is divisible by 4. Statement 2 | If m and n are positive integers and phi is the Euler phi function, then phi(mn) = phi(m)phi(n).",abstract_algebra,"[nongerundial,, occipitoaxial,, redressal,, semisentimental]"
"Statement 1 | If a group has an element of order 10, then the number of elements of order 10 is divisible by 4. Statement 2 | If m and n are positive integers and phi is the Euler phi function, then phi(mn) = phi(m)phi(n).",abstract_algebra,"[nongerundial,, occipitoaxial,, semisentimental,, redressal]"
"Statement 1 | If a group has an element of order 10, then the number of elements of order 10 is divisible by 4. Statement 2 | If m and n are positive integers and phi is the Euler phi function, then phi(mn) = phi(m)phi(n).",abstract_algebra,"[occipitoaxial,, redressal,, semisentimental,, nongerundial]"
"Statement 1 | If a group has an element of order 10, then the number of elements of order 10 is divisible by 4. Statement 2 | If m and n are positive integers and phi is the Euler phi function, then phi(mn) = phi(m)phi(n).",abstract_algebra,"[occipitoaxial,, redressal,, nongerundial,, semisentimental]"
"Statement 1 | If a group has an element of order 10, then the number of elements of order 10 is divisible by 4. Statement 2 | If m and n are positive integers and phi is the Euler phi function, then phi(mn) = phi(m)phi(n).",abstract_algebra,"[occipitoaxial,, semisentimental,, redressal,, nongerundial]"
"Statement 1 | If a group has an element of order 10, then the number of elements of order 10 is divisible by 4. Statement 2 | If m and n are positive integers and phi is the Euler phi function, then phi(mn) = phi(m)phi(n).",abstract_algebra,"[occipitoaxial,, semisentimental,, nongerundial,, redressal]"
"Statement 1 | If a group has an element of order 10, then the number of elements of order 10 is divisible by 4. Statement 2 | If m and n are positive integers and phi is the Euler phi function, then phi(mn) = phi(m)phi(n).",abstract_algebra,"[occipitoaxial,, nongerundial,, redressal,, semisentimental]"
"Statement 1 | If a group has an element of order 10, then the number of elements of order 10 is divisible by 4. Statement 2 | If m and n are positive integers and phi is the Euler phi function, then phi(mn) = phi(m)phi(n).",abstract_algebra,"[occipitoaxial,, nongerundial,, semisentimental,, redressal]"
