question,subject,choices,a_ori,b_ori,d_ori,c_ori,b_ft,d_ft,c_ft,a_ft
The cyclic subgroup of Z_24 generated by 18 has order,abstract_algebra,"[massaging,, amphipodal,, tricarbimide,, impracticably]",0.497037351,0.279504642,0.157177011,0.066280996,0.505882106,0.213328715,0.213328715,0.067460463
The cyclic subgroup of Z_24 generated by 18 has order,abstract_algebra,"[massaging,, amphipodal,, impracticably,, tricarbimide]",0.695082062,0.164829933,0.123605012,0.016482993,0.604827103,0.143427092,0.191263102,0.060482703
The cyclic subgroup of Z_24 generated by 18 has order,abstract_algebra,"[massaging,, tricarbimide,, amphipodal,, impracticably]",0.952032612,0.02257626,0.012695564,0.012695564,0.557977794,0.132317387,0.235297285,0.074407535
The cyclic subgroup of Z_24 generated by 18 has order,abstract_algebra,"[massaging,, tricarbimide,, impracticably,, amphipodal]",0.896359835,0.089635967,0.008963597,0.005040601,0.5348758,0.169142579,0.169142579,0.126839041
The cyclic subgroup of Z_24 generated by 18 has order,abstract_algebra,"[massaging,, impracticably,, amphipodal,, tricarbimide]",0.881102408,0.066073353,0.015668461,0.037155777,0.505882106,0.213328715,0.213328715,0.067460463
The cyclic subgroup of Z_24 generated by 18 has order,abstract_algebra,"[massaging,, impracticably,, tricarbimide,, amphipodal]",0.955456006,0.030214172,0.007164911,0.007164911,0.521988175,0.220120588,0.165067154,0.092824082
The cyclic subgroup of Z_24 generated by 18 has order,abstract_algebra,"[amphipodal,, massaging,, tricarbimide,, impracticably]",0.571373306,0.005713733,0.321306822,0.101606139,0.442862972,0.249040151,0.249040151,0.059056726
The cyclic subgroup of Z_24 generated by 18 has order,abstract_algebra,"[amphipodal,, massaging,, impracticably,, tricarbimide]",0.700132789,0.009336424,0.166027629,0.124503158,0.434308534,0.244229637,0.244229637,0.077232192
The cyclic subgroup of Z_24 generated by 18 has order,abstract_algebra,"[amphipodal,, tricarbimide,, massaging,, impracticably]",0.872810933,0.008728109,0.116391198,0.002069761,0.462563409,0.26011852,0.195061372,0.082256699
The cyclic subgroup of Z_24 generated by 18 has order,abstract_algebra,"[amphipodal,, tricarbimide,, impracticably,, massaging]",0.692026362,0.009228319,0.006920263,0.291825057,0.434308534,0.244229637,0.244229637,0.077232192
The cyclic subgroup of Z_24 generated by 18 has order,abstract_algebra,"[amphipodal,, impracticably,, massaging,, tricarbimide]",0.559553128,0.41960565,0.017694624,0.003146598,0.544466088,0.229599409,0.129113236,0.096821268
The cyclic subgroup of Z_24 generated by 18 has order,abstract_algebra,"[amphipodal,, impracticably,, tricarbimide,, massaging]",0.966729201,0.030570657,0.002292476,0.000407666,0.577636343,0.182664634,0.136979151,0.102719872
The cyclic subgroup of Z_24 generated by 18 has order,abstract_algebra,"[tricarbimide,, massaging,, amphipodal,, impracticably]",0.841852271,0.0266217,0.047340821,0.084185208,0.521988175,0.165067154,0.220120588,0.092824082
The cyclic subgroup of Z_24 generated by 18 has order,abstract_algebra,"[tricarbimide,, massaging,, impracticably,, amphipodal]",0.670593129,0.05028739,0.067059313,0.212060167,0.521988175,0.165067154,0.220120588,0.092824082
The cyclic subgroup of Z_24 generated by 18 has order,abstract_algebra,"[tricarbimide,, amphipodal,, massaging,, impracticably]",0.700132782,0.124503162,0.166027636,0.00933642,0.577636321,0.182664643,0.136979158,0.102719878
The cyclic subgroup of Z_24 generated by 18 has order,abstract_algebra,"[tricarbimide,, amphipodal,, impracticably,, massaging]",0.112168362,0.035470751,0.011216836,0.841144051,0.592867585,0.14059106,0.187481192,0.079060163
The cyclic subgroup of Z_24 generated by 18 has order,abstract_algebra,"[tricarbimide,, impracticably,, massaging,, amphipodal]",0.052992339,0.942351918,0.002979978,0.001675765,0.59286764,0.187481166,0.140591041,0.079060152
The cyclic subgroup of Z_24 generated by 18 has order,abstract_algebra,"[tricarbimide,, impracticably,, amphipodal,, massaging]",0.191039621,0.805607217,0.000805607,0.002547554,0.592867585,0.14059106,0.187481192,0.079060163
The cyclic subgroup of Z_24 generated by 18 has order,abstract_algebra,"[impracticably,, massaging,, amphipodal,, tricarbimide]",0.977400202,0.005496326,0.009774003,0.007329469,0.434308534,0.244229637,0.244229637,0.077232192
The cyclic subgroup of Z_24 generated by 18 has order,abstract_algebra,"[impracticably,, massaging,, tricarbimide,, amphipodal]",0.998836496,0.000236861,0.000749022,0.000177621,0.450212122,0.253172881,0.189852878,0.106762119
The cyclic subgroup of Z_24 generated by 18 has order,abstract_algebra,"[impracticably,, amphipodal,, massaging,, tricarbimide]",0.982078218,0.009820781,0.007364547,0.000736455,0.486287416,0.27345951,0.153777583,0.08647549
The cyclic subgroup of Z_24 generated by 18 has order,abstract_algebra,"[impracticably,, amphipodal,, tricarbimide,, massaging]",0.999519029,0.000316076,0.000133288,3.16E-05,0.506313312,0.213510553,0.160110328,0.120065807
The cyclic subgroup of Z_24 generated by 18 has order,abstract_algebra,"[impracticably,, tricarbimide,, massaging,, amphipodal]",0.999818888,0.000133328,4.22E-05,5.62E-06,0.521988175,0.220120588,0.165067154,0.092824082
The cyclic subgroup of Z_24 generated by 18 has order,abstract_algebra,"[impracticably,, tricarbimide,, amphipodal,, massaging]",0.997242315,0.001773375,0.000747826,0.000236483,0.506313312,0.213510553,0.160110328,0.120065807
Find the order of the factor group Z_6/<3>.,abstract_algebra,"[hypertrophied,, sorbate,, hexachlorocyclohexane,, subunequal]",0.35969749,0.000639643,0.63964264,2.02E-05,0.210004559,0.664092574,0.088558188,0.037344678
Find the order of the factor group Z_6/<3>.,abstract_algebra,"[hypertrophied,, sorbate,, subunequal,, hexachlorocyclohexane]",0.998070683,0.000177485,0.000420883,0.001330949,0.27429146,0.36577354,0.205689577,0.154245423
Find the order of the factor group Z_6/<3>.,abstract_algebra,"[hypertrophied,, hexachlorocyclohexane,, sorbate,, subunequal]",0.150907462,0.000477211,0.848615176,1.51E-07,0.55688792,0.313161091,0.055688792,0.074262198
Find the order of the factor group Z_6/<3>.,abstract_algebra,"[hypertrophied,, hexachlorocyclohexane,, subunequal,, sorbate]",0.424974473,0.007557237,0.000755724,0.566712567,0.566313089,0.179083923,0.179083923,0.075519064
Find the order of the factor group Z_6/<3>.,abstract_algebra,"[hypertrophied,, subunequal,, sorbate,, hexachlorocyclohexane]",0.990081164,0.004175137,0.005567635,0.000176064,0.376104731,0.376104731,0.15860205,0.089188487
Find the order of the factor group Z_6/<3>.,abstract_algebra,"[hypertrophied,, subunequal,, hexachlorocyclohexane,, sorbate]",0.998075987,0.000748451,0.000177486,0.000998076,0.355111595,0.266296129,0.266296129,0.112296146
Find the order of the factor group Z_6/<3>.,abstract_algebra,"[sorbate,, hypertrophied,, hexachlorocyclohexane,, subunequal]",1.00E-04,1.00E-05,0.99988998,3.16E-08,0.138447823,0.778549323,0.058382963,0.024619891
Find the order of the factor group Z_6/<3>.,abstract_algebra,"[sorbate,, hypertrophied,, subunequal,, hexachlorocyclohexane]",0.992206615,0.000176442,0.000176442,0.007440501,0.334780525,0.334780525,0.251049977,0.079388973
Find the order of the factor group Z_6/<3>.,abstract_algebra,"[sorbate,, hexachlorocyclohexane,, hypertrophied,, subunequal]",1.00E-07,1.78E-11,0.9999999,2.37E-12,0.00418767,0.993053351,0.001765926,0.000993053
Find the order of the factor group Z_6/<3>.,abstract_algebra,"[sorbate,, hexachlorocyclohexane,, subunequal,, hypertrophied]",0.998920554,5.62E-06,7.49E-05,0.00099892,0.42563721,0.319182879,0.179489723,0.075690189
Find the order of the factor group Z_6/<3>.,abstract_algebra,"[sorbate,, subunequal,, hypertrophied,, hexachlorocyclohexane]",0.925985959,0.001646662,0.069439154,0.002928225,0.156529901,0.66008112,0.117380867,0.066008112
Find the order of the factor group Z_6/<3>.,abstract_algebra,"[sorbate,, subunequal,, hexachlorocyclohexane,, hypertrophied]",0.989936321,0.007423476,0.001320102,0.001320102,0.423402288,0.238096604,0.238096604,0.100404505
Find the order of the factor group Z_6/<3>.,abstract_algebra,"[hexachlorocyclohexane,, hypertrophied,, sorbate,, subunequal]",0.026117593,0.825910987,0.14687005,0.00110137,0.650946214,0.20584722,0.115756398,0.027450168
Find the order of the factor group Z_6/<3>.,abstract_algebra,"[hexachlorocyclohexane,, hypertrophied,, subunequal,, sorbate]",0.057013643,0.760289143,0.002404246,0.180292968,0.585670418,0.185205248,0.185205248,0.043919086
Find the order of the factor group Z_6/<3>.,abstract_algebra,"[hexachlorocyclohexane,, sorbate,, hypertrophied,, subunequal]",0.021942991,0.000693898,0.925328091,0.05203502,0.46165452,0.346192051,0.145987977,0.046165452
Find the order of the factor group Z_6/<3>.,abstract_algebra,"[hexachlorocyclohexane,, sorbate,, subunequal,, hypertrophied]",0.914676176,0.012197404,0.021690393,0.051436027,0.505415748,0.284216161,0.159826493,0.050541598
Find the order of the factor group Z_6/<3>.,abstract_algebra,"[hexachlorocyclohexane,, subunequal,, hypertrophied,, sorbate]",0.357241803,0.635275742,0.001129698,0.006352757,0.479837744,0.269832593,0.202345899,0.047983763
Find the order of the factor group Z_6/<3>.,abstract_algebra,"[hexachlorocyclohexane,, subunequal,, sorbate,, hypertrophied]",0.239498011,0.75735921,0.001795982,0.001346797,0.505415765,0.284216171,0.159826498,0.050541565
Find the order of the factor group Z_6/<3>.,abstract_algebra,"[subunequal,, hypertrophied,, sorbate,, hexachlorocyclohexane]",0.999657014,0.000316119,2.37E-05,3.16E-06,0.434167347,0.32557958,0.13729577,0.102957303
Find the order of the factor group Z_6/<3>.,abstract_algebra,"[subunequal,, hypertrophied,, hexachlorocyclohexane,, sorbate]",0.999642278,0.000316115,1.00E-05,3.16E-05,0.462563409,0.26011852,0.195061372,0.082256699
Find the order of the factor group Z_6/<3>.,abstract_algebra,"[subunequal,, sorbate,, hypertrophied,, hexachlorocyclohexane]",0.998329333,0.000315699,0.001331294,2.37E-05,0.296050346,0.526460235,0.124843396,0.052646023
Find the order of the factor group Z_6/<3>.,abstract_algebra,"[subunequal,, sorbate,, hexachlorocyclohexane,, hypertrophied]",0.999824331,0.000133329,4.22E-05,1.78E-07,0.486287416,0.27345951,0.153777583,0.08647549
Find the order of the factor group Z_6/<3>.,abstract_algebra,"[subunequal,, hexachlorocyclohexane,, hypertrophied,, sorbate]",0.999977969,1.78E-05,4.22E-06,3.16E-08,0.562634629,0.237261056,0.100052158,0.100052158
Find the order of the factor group Z_6/<3>.,abstract_algebra,"[subunequal,, hexachlorocyclohexane,, sorbate,, hypertrophied]",0.999939535,5.62E-05,4.22E-06,1.78E-08,0.59227649,0.249760867,0.078981321,0.078981321
Statement 1 | A permutation that is a product of m even permutations and n odd permutations is an even permutation if and only if n is even. Statement 2 | Every group is isomorphic to a group of permutations.,abstract_algebra,"[liferenter,, unoxidative,, alunogen,, surges]",0.720835745,0.022794824,0.128184716,0.128184716,0.244574161,0.326144885,0.326144885,0.103136068
Statement 1 | A permutation that is a product of m even permutations and n odd permutations is an even permutation if and only if n is even. Statement 2 | Every group is isomorphic to a group of permutations.,abstract_algebra,"[liferenter,, unoxidative,, surges,, alunogen]",0.938522222,0.012515396,0.039577158,0.009385223,0.256682553,0.342291686,0.256682553,0.144343207
Statement 1 | A permutation that is a product of m even permutations and n odd permutations is an even permutation if and only if n is even. Statement 2 | Every group is isomorphic to a group of permutations.,abstract_algebra,"[liferenter,, alunogen,, unoxidative,, surges]",0.689704526,0.091973598,0.218103772,0.000218104,0.434732408,0.244467998,0.183325136,0.137474458
Statement 1 | A permutation that is a product of m even permutations and n odd permutations is an even permutation if and only if n is even. Statement 2 | Every group is isomorphic to a group of permutations.,abstract_algebra,"[liferenter,, alunogen,, surges,, unoxidative]",0.912945329,0.051338683,0.028869863,0.006846125,0.380450433,0.213943,0.285297576,0.12030899
Statement 1 | A permutation that is a product of m even permutations and n odd permutations is an even permutation if and only if n is even. Statement 2 | Every group is isomorphic to a group of permutations.,abstract_algebra,"[liferenter,, surges,, unoxidative,, alunogen]",0.846577081,0.150545052,0.002677112,0.000200755,0.409683204,0.230381796,0.230381796,0.129553204
Statement 1 | A permutation that is a product of m even permutations and n odd permutations is an even permutation if and only if n is even. Statement 2 | Every group is isomorphic to a group of permutations.,abstract_algebra,"[liferenter,, surges,, alunogen,, unoxidative]",0.636601965,0.357987592,0.004773841,0.000636602,0.41975365,0.132737759,0.314770832,0.132737759
Statement 1 | A permutation that is a product of m even permutations and n odd permutations is an even permutation if and only if n is even. Statement 2 | Every group is isomorphic to a group of permutations.,abstract_algebra,"[unoxidative,, liferenter,, alunogen,, surges]",0.188449798,0.335116395,0.335116395,0.141317412,0.326144885,0.244574161,0.326144885,0.103136068
Statement 1 | A permutation that is a product of m even permutations and n odd permutations is an even permutation if and only if n is even. Statement 2 | Every group is isomorphic to a group of permutations.,abstract_algebra,"[unoxidative,, liferenter,, surges,, alunogen]",0.507642095,0.090272948,0.02140709,0.380677867,0.392253326,0.220580255,0.294148497,0.093017922
Statement 1 | A permutation that is a product of m even permutations and n odd permutations is an even permutation if and only if n is even. Statement 2 | Every group is isomorphic to a group of permutations.,abstract_algebra,"[unoxidative,, alunogen,, liferenter,, surges]",0.479768337,0.020231663,0.479768337,0.020231663,0.401596188,0.225834133,0.301154656,0.071415023
Statement 1 | A permutation that is a product of m even permutations and n odd permutations is an even permutation if and only if n is even. Statement 2 | Every group is isomorphic to a group of permutations.,abstract_algebra,"[unoxidative,, alunogen,, surges,, liferenter]",0.526460235,0.052646023,0.124843396,0.296050346,0.364940959,0.205221383,0.364940959,0.064896699
Statement 1 | A permutation that is a product of m even permutations and n odd permutations is an even permutation if and only if n is even. Statement 2 | Every group is isomorphic to a group of permutations.,abstract_algebra,"[unoxidative,, surges,, liferenter,, alunogen]",0.510663734,0.382943777,0.068098103,0.038294386,0.409683204,0.230381796,0.230381796,0.129553204
Statement 1 | A permutation that is a product of m even permutations and n odd permutations is an even permutation if and only if n is even. Statement 2 | Every group is isomorphic to a group of permutations.,abstract_algebra,"[unoxidative,, surges,, alunogen,, liferenter]",0.720319778,0.170814738,0.096056186,0.012809298,0.335116395,0.188449798,0.335116395,0.141317412
Statement 1 | A permutation that is a product of m even permutations and n odd permutations is an even permutation if and only if n is even. Statement 2 | Every group is isomorphic to a group of permutations.,abstract_algebra,"[alunogen,, liferenter,, unoxidative,, surges]",0.388156233,0.517614656,0.092046348,0.002182763,0.521988175,0.165067154,0.220120588,0.092824082
Statement 1 | A permutation that is a product of m even permutations and n odd permutations is an even permutation if and only if n is even. Statement 2 | Every group is isomorphic to a group of permutations.,abstract_algebra,"[alunogen,, liferenter,, surges,, unoxidative]",0.338546795,0.602030864,0.0142764,0.045145941,0.472279558,0.199158638,0.265582313,0.062979491
Statement 1 | A permutation that is a product of m even permutations and n odd permutations is an even permutation if and only if n is even. Statement 2 | Every group is isomorphic to a group of permutations.,abstract_algebra,"[alunogen,, unoxidative,, liferenter,, surges]",0.581877277,0.058187728,0.327213639,0.032721356,0.326144885,0.244574161,0.326144885,0.103136068
Statement 1 | A permutation that is a product of m even permutations and n odd permutations is an even permutation if and only if n is even. Statement 2 | Every group is isomorphic to a group of permutations.,abstract_algebra,"[alunogen,, unoxidative,, surges,, liferenter]",0.725001724,0.072500179,0.171925018,0.030573079,0.315299195,0.315299195,0.236441041,0.132960568
Statement 1 | A permutation that is a product of m even permutations and n odd permutations is an even permutation if and only if n is even. Statement 2 | Every group is isomorphic to a group of permutations.,abstract_algebra,"[alunogen,, surges,, liferenter,, unoxidative]",0.423943808,0.565338154,0.007538908,0.003179131,0.434732408,0.183325136,0.244467998,0.137474458
Statement 1 | A permutation that is a product of m even permutations and n odd permutations is an even permutation if and only if n is even. Statement 2 | Every group is isomorphic to a group of permutations.,abstract_algebra,"[alunogen,, surges,, unoxidative,, liferenter]",0.756085925,0.239095308,0.004251783,0.000566984,0.5348758,0.169142579,0.169142579,0.126839041
Statement 1 | A permutation that is a product of m even permutations and n odd permutations is an even permutation if and only if n is even. Statement 2 | Every group is isomorphic to a group of permutations.,abstract_algebra,"[surges,, liferenter,, unoxidative,, alunogen]",0.981071072,0.017446187,0.001308279,0.000174462,0.434732408,0.244467998,0.183325136,0.137474458
Statement 1 | A permutation that is a product of m even permutations and n odd permutations is an even permutation if and only if n is even. Statement 2 | Every group is isomorphic to a group of permutations.,abstract_algebra,"[surges,, liferenter,, alunogen,, unoxidative]",0.926653771,0.069489239,0.000926654,0.002930336,0.415156865,0.175070198,0.311323729,0.098449207
Statement 1 | A permutation that is a product of m even permutations and n odd permutations is an even permutation if and only if n is even. Statement 2 | Every group is isomorphic to a group of permutations.,abstract_algebra,"[surges,, unoxidative,, liferenter,, alunogen]",0.938670543,0.029683363,0.022259387,0.009386706,0.301910897,0.226401233,0.301910897,0.169776974
Statement 1 | A permutation that is a product of m even permutations and n odd permutations is an even permutation if and only if n is even. Statement 2 | Every group is isomorphic to a group of permutations.,abstract_algebra,"[surges,, unoxidative,, alunogen,, liferenter]",0.998449044,0.000998449,0.00023677,0.000315737,0.27429146,0.205689577,0.36577354,0.154245423
Statement 1 | A permutation that is a product of m even permutations and n odd permutations is an even permutation if and only if n is even. Statement 2 | Every group is isomorphic to a group of permutations.,abstract_algebra,"[surges,, alunogen,, liferenter,, unoxidative]",0.993354919,0.005586044,0.000744911,0.000314126,0.505738453,0.089934428,0.284397632,0.119929487
Statement 1 | A permutation that is a product of m even permutations and n odd permutations is an even permutation if and only if n is even. Statement 2 | Every group is isomorphic to a group of permutations.,abstract_algebra,"[surges,, alunogen,, unoxidative,, liferenter]",0.997896592,0.001774539,0.000315563,1.33E-05,0.513167019,0.16227766,0.16227766,0.16227766
Find the order of the factor group (Z_4 x Z_12)/(<2> x <2>),abstract_algebra,"[rollouts,, wideband,, subfalciform,, necklike]",0.948869635,0.040013497,0.00400135,0.007115518,0.497037351,0.279504642,0.157177011,0.066280996
Find the order of the factor group (Z_4 x Z_12)/(<2> x <2>),abstract_algebra,"[rollouts,, wideband,, necklike,, subfalciform]",0.951711043,0.030095747,0.016924082,0.001269127,0.445642745,0.334184914,0.14092461,0.079247732
Find the order of the factor group (Z_4 x Z_12)/(<2> x <2>),abstract_algebra,"[rollouts,, subfalciform,, wideband,, necklike]",0.944666406,0.053122489,0.001679881,0.000531225,0.597188247,0.251832196,0.106196756,0.044782801
Find the order of the factor group (Z_4 x Z_12)/(<2> x <2>),abstract_algebra,"[rollouts,, subfalciform,, necklike,, wideband]",0.879556882,0.117290809,0.002781403,0.000370906,0.588399892,0.248126177,0.104633941,0.058839989
Find the order of the factor group (Z_4 x Z_12)/(<2> x <2>),abstract_algebra,"[rollouts,, necklike,, wideband,, subfalciform]",0.890934566,0.066810667,0.021127383,0.021127383,0.526460235,0.296050346,0.124843396,0.052646023
Find the order of the factor group (Z_4 x Z_12)/(<2> x <2>),abstract_algebra,"[rollouts,, necklike,, subfalciform,, wideband]",0.94592386,0.039889282,0.007093429,0.007093429,0.551598217,0.174430688,0.232607061,0.041364035
Find the order of the factor group (Z_4 x Z_12)/(<2> x <2>),abstract_algebra,"[wideband,, rollouts,, subfalciform,, necklike]",0.855015597,0.048081049,0.011401814,0.08550154,0.472279558,0.265582313,0.199158638,0.062979491
Find the order of the factor group (Z_4 x Z_12)/(<2> x <2>),abstract_algebra,"[wideband,, rollouts,, necklike,, subfalciform]",0.821164484,0.082116458,0.082116458,0.014602601,0.505415754,0.284216165,0.159826495,0.050541587
Find the order of the factor group (Z_4 x Z_12)/(<2> x <2>),abstract_algebra,"[wideband,, subfalciform,, rollouts,, necklike]",0.789593477,0.187242108,0.018724206,0.004440209,0.46165452,0.346192051,0.145987977,0.046165452
Find the order of the factor group (Z_4 x Z_12)/(<2> x <2>),abstract_algebra,"[wideband,, subfalciform,, necklike,, rollouts]",0.925749006,0.069421393,0.003903852,0.000925749,0.497037351,0.279504642,0.157177011,0.066280996
Find the order of the factor group (Z_4 x Z_12)/(<2> x <2>),abstract_algebra,"[wideband,, necklike,, rollouts,, subfalciform]",0.556887863,0.074262207,0.313161131,0.055688799,0.42563721,0.319182879,0.179489723,0.075690189
Find the order of the factor group (Z_4 x Z_12)/(<2> x <2>),abstract_algebra,"[wideband,, necklike,, subfalciform,, rollouts]",0.851776464,0.047898915,0.015146967,0.085177654,0.494750463,0.20863454,0.20863454,0.087980456
Find the order of the factor group (Z_4 x Z_12)/(<2> x <2>),abstract_algebra,"[subfalciform,, rollouts,, wideband,, necklike]",0.939699997,0.03962682,0.003962684,0.016710499,0.534394572,0.225352343,0.168990417,0.071262668
Find the order of the factor group (Z_4 x Z_12)/(<2> x <2>),abstract_algebra,"[subfalciform,, rollouts,, necklike,, wideband]",0.896359818,0.089635982,0.005040602,0.008963598,0.497037351,0.279504642,0.157177011,0.066280996
Find the order of the factor group (Z_4 x Z_12)/(<2> x <2>),abstract_algebra,"[subfalciform,, wideband,, rollouts,, necklike]",0.952790292,0.040178836,0.003012988,0.004017884,0.557977817,0.235297273,0.13231738,0.074407531
Find the order of the factor group (Z_4 x Z_12)/(<2> x <2>),abstract_algebra,"[subfalciform,, wideband,, necklike,, rollouts]",0.940191259,0.052870842,0.002973145,0.003964753,0.552399674,0.174684115,0.174684115,0.098232097
Find the order of the factor group (Z_4 x Z_12)/(<2> x <2>),abstract_algebra,"[subfalciform,, necklike,, rollouts,, wideband]",0.645336193,0.204073223,0.064533619,0.086056964,0.454654134,0.340942502,0.143774261,0.060629103
Find the order of the factor group (Z_4 x Z_12)/(<2> x <2>),abstract_algebra,"[subfalciform,, necklike,, wideband,, rollouts]",0.448868325,0.189286203,0.025241715,0.336603757,0.494750463,0.20863454,0.20863454,0.087980456
Find the order of the factor group (Z_4 x Z_12)/(<2> x <2>),abstract_algebra,"[necklike,, rollouts,, wideband,, subfalciform]",0.208607294,0.370962055,0.049468596,0.370962055,0.494750463,0.20863454,0.20863454,0.087980456
Find the order of the factor group (Z_4 x Z_12)/(<2> x <2>),abstract_algebra,"[necklike,, rollouts,, subfalciform,, wideband]",0.427361111,0.427361111,0.010134329,0.135143449,0.521988175,0.220120588,0.165067154,0.092824082
Find the order of the factor group (Z_4 x Z_12)/(<2> x <2>),abstract_algebra,"[necklike,, wideband,, rollouts,, subfalciform]",0.144204574,0.810921835,0.019229989,0.025643602,0.472279558,0.265582313,0.199158638,0.062979491
Find the order of the factor group (Z_4 x Z_12)/(<2> x <2>),abstract_algebra,"[necklike,, wideband,, subfalciform,, rollouts]",0.222405686,0.703308466,0.003954995,0.070330853,0.543428287,0.096636727,0.305592162,0.054342825
Find the order of the factor group (Z_4 x Z_12)/(<2> x <2>),abstract_algebra,"[necklike,, subfalciform,, rollouts,, wideband]",0.26171476,0.620623558,0.082761474,0.034900208,0.497037351,0.279504642,0.157177011,0.066280996
Find the order of the factor group (Z_4 x Z_12)/(<2> x <2>),abstract_algebra,"[necklike,, subfalciform,, wideband,, rollouts]",0.300000475,0.533484668,0.040005706,0.126509151,0.544092059,0.172057016,0.229441719,0.054409206
Find the maximum possible order for some element of Z_4 x Z_6.,abstract_algebra,"[lymphopenial,, preinfection,, acetanilide,, anama]",0.54611938,0.129505314,0.017269811,0.307105496,0.462563409,0.195061372,0.26011852,0.082256699
Find the maximum possible order for some element of Z_4 x Z_6.,abstract_algebra,"[lymphopenial,, preinfection,, anama,, acetanilide]",0.740772844,0.234252925,0.007407731,0.017566499,0.445642745,0.334184914,0.14092461,0.079247732
Find the maximum possible order for some element of Z_4 x Z_6.,abstract_algebra,"[lymphopenial,, acetanilide,, preinfection,, anama]",0.459659845,0.459659845,0.019383692,0.061296617,0.622034882,0.147507716,0.147507716,0.082949685
Find the maximum possible order for some element of Z_4 x Z_6.,abstract_algebra,"[lymphopenial,, acetanilide,, anama,, preinfection]",0.55569053,0.41670911,0.00416709,0.02343327,0.60482713,0.143427082,0.191263088,0.060482699
Find the maximum possible order for some element of Z_4 x Z_6.,abstract_algebra,"[lymphopenial,, anama,, preinfection,, acetanilide]",0.175019441,0.01312461,0.073805086,0.738050863,0.401596188,0.225834133,0.301154656,0.071415023
Find the maximum possible order for some element of Z_4 x Z_6.,abstract_algebra,"[lymphopenial,, anama,, acetanilide,, preinfection]",0.030553573,0.000966189,0.002291195,0.966189043,0.370962059,0.208607296,0.370962059,0.049468586
Find the maximum possible order for some element of Z_4 x Z_6.,abstract_algebra,"[preinfection,, lymphopenial,, acetanilide,, anama]",0.951711045,0.001269127,0.030095744,0.016924084,0.450212122,0.189852878,0.253172881,0.106762119
Find the maximum possible order for some element of Z_4 x Z_6.,abstract_algebra,"[preinfection,, lymphopenial,, anama,, acetanilide]",0.991830423,0.000313644,0.007437681,0.000418252,0.315299195,0.315299195,0.236441041,0.132960568
Find the maximum possible order for some element of Z_4 x Z_6.,abstract_algebra,"[preinfection,, acetanilide,, lymphopenial,, anama]",0.998942514,5.62E-05,0.000998942,2.37E-06,0.485183869,0.363836574,0.064700309,0.086279248
Find the maximum possible order for some element of Z_4 x Z_6.,abstract_algebra,"[preinfection,, acetanilide,, anama,, lymphopenial]",0.999494358,0.000237017,0.000237017,3.16E-05,0.558502429,0.176613976,0.132441798,0.132441798
Find the maximum possible order for some element of Z_4 x Z_6.,abstract_algebra,"[preinfection,, anama,, lymphopenial,, acetanilide]",0.981435032,0.000981435,0.017452657,0.000130876,0.311323729,0.415156865,0.175070198,0.098449207
Find the maximum possible order for some element of Z_4 x Z_6.,abstract_algebra,"[preinfection,, anama,, acetanilide,, lymphopenial]",0.992105877,0.001322995,0.000992106,0.005579022,0.404158836,0.095841164,0.404158836,0.095841164
Find the maximum possible order for some element of Z_4 x Z_6.,abstract_algebra,"[acetanilide,, lymphopenial,, preinfection,, anama]",0.944666392,0.000531225,0.053122502,0.001679881,0.365240197,0.365240197,0.154020514,0.115499092
Find the maximum possible order for some element of Z_4 x Z_6.,abstract_algebra,"[acetanilide,, lymphopenial,, anama,, preinfection]",0.992259443,0.000418432,0.004184324,0.0031378,0.415673496,0.233750385,0.17528806,0.17528806
Find the maximum possible order for some element of Z_4 x Z_6.,abstract_algebra,"[acetanilide,, preinfection,, lymphopenial,, anama]",0.997173498,0.001773253,0.000997174,5.61E-05,0.52743416,0.222417141,0.12507435,0.12507435
Find the maximum possible order for some element of Z_4 x Z_6.,abstract_algebra,"[acetanilide,, preinfection,, anama,, lymphopenial]",0.996926063,0.000996926,0.001329422,0.000747589,0.486818883,0.205289821,0.153945648,0.153945648
Find the maximum possible order for some element of Z_4 x Z_6.,abstract_algebra,"[acetanilide,, anama,, lymphopenial,, preinfection]",0.939712919,0.052843953,0.007046854,0.000396274,0.52743416,0.222417141,0.12507435,0.12507435
Find the maximum possible order for some element of Z_4 x Z_6.,abstract_algebra,"[acetanilide,, anama,, preinfection,, lymphopenial]",0.978945412,0.017408389,0.000550502,0.003095698,0.5348758,0.169142579,0.169142579,0.126839041
Find the maximum possible order for some element of Z_4 x Z_6.,abstract_algebra,"[anama,, lymphopenial,, preinfection,, acetanilide]",0.467103948,0.003502787,0.062289318,0.467103948,0.149466749,0.265793642,0.47265536,0.112084249
Find the maximum possible order for some element of Z_4 x Z_6.,abstract_algebra,"[anama,, lymphopenial,, acetanilide,, preinfection]",0.117629399,0.000117629,0.000156861,0.88209611,0.311323729,0.175070198,0.415156865,0.098449207
Find the maximum possible order for some element of Z_4 x Z_6.,abstract_algebra,"[anama,, preinfection,, lymphopenial,, acetanilide]",0.95417097,0.005365698,0.040237062,0.00022627,0.401958587,0.301426417,0.169504531,0.127110466
Find the maximum possible order for some element of Z_4 x Z_6.,abstract_algebra,"[anama,, preinfection,, acetanilide,, lymphopenial]",0.995811729,0.001770831,5.60E-05,0.002361441,0.47265536,0.149466749,0.265793642,0.112084249
Find the maximum possible order for some element of Z_4 x Z_6.,abstract_algebra,"[anama,, acetanilide,, lymphopenial,, preinfection]",0.806051239,0.191144907,0.002548958,0.000254896,0.692265621,0.12310417,0.092315104,0.092315104
Find the maximum possible order for some element of Z_4 x Z_6.,abstract_algebra,"[anama,, acetanilide,, preinfection,, lymphopenial]",0.957612107,0.040382168,0.000302824,0.001702902,0.605289199,0.107637357,0.143536722,0.143536722
Statement 1 | The symmetric group S_3 is cyclic. Statement 2 | Every group is isomorphic to some group of permutations.,abstract_algebra,"[tamacoare,, linkiest,, pourvete,, lachrymogenic]",0.421027067,0.561448617,0.013314045,0.004210271,0.592867529,0.187481217,0.140591079,0.079060174
Statement 1 | The symmetric group S_3 is cyclic. Statement 2 | Every group is isomorphic to some group of permutations.,abstract_algebra,"[tamacoare,, linkiest,, lachrymogenic,, pourvete]",0.622161653,0.349867209,0.008296659,0.019674479,0.660081094,0.117380875,0.156529913,0.066008117
Statement 1 | The symmetric group S_3 is cyclic. Statement 2 | Every group is isomorphic to some group of permutations.,abstract_algebra,"[tamacoare,, pourvete,, linkiest,, lachrymogenic]",0.11373572,0.852897461,0.02697099,0.00639583,0.534394537,0.22535236,0.16899043,0.071262673
Statement 1 | The symmetric group S_3 is cyclic. Statement 2 | Every group is isomorphic to some group of permutations.,abstract_algebra,"[tamacoare,, pourvete,, lachrymogenic,, linkiest]",0.551529463,0.413588751,0.017440893,0.017440893,0.592867618,0.140591049,0.187481177,0.079060157
Statement 1 | The symmetric group S_3 is cyclic. Statement 2 | Every group is isomorphic to some group of permutations.,abstract_algebra,"[tamacoare,, lachrymogenic,, linkiest,, pourvete]",0.693172869,0.292308575,0.002192005,0.01232655,0.635213102,0.150632789,0.150632789,0.06352132
Statement 1 | The symmetric group S_3 is cyclic. Statement 2 | Every group is isomorphic to some group of permutations.,abstract_algebra,"[tamacoare,, lachrymogenic,, pourvete,, linkiest]",0.052691467,0.937001516,0.000937002,0.009370015,0.592867585,0.14059106,0.187481192,0.079060163
Statement 1 | The symmetric group S_3 is cyclic. Statement 2 | Every group is isomorphic to some group of permutations.,abstract_algebra,"[linkiest,, tamacoare,, pourvete,, lachrymogenic]",0.804387104,0.190750287,0.004523402,0.000339207,0.627827895,0.148881442,0.111645332,0.111645332
Statement 1 | The symmetric group S_3 is cyclic. Statement 2 | Every group is isomorphic to some group of permutations.,abstract_algebra,"[linkiest,, tamacoare,, lachrymogenic,, pourvete]",0.84472073,0.150214962,0.003562158,0.00150215,0.664963605,0.08867433,0.157687735,0.08867433
Statement 1 | The symmetric group S_3 is cyclic. Statement 2 | Every group is isomorphic to some group of permutations.,abstract_algebra,"[linkiest,, pourvete,, tamacoare,, lachrymogenic]",0.757805915,0.239639238,0.001797041,0.000757806,0.558502429,0.176613976,0.132441798,0.132441798
Statement 1 | The symmetric group S_3 is cyclic. Statement 2 | Every group is isomorphic to some group of permutations.,abstract_algebra,"[linkiest,, pourvete,, lachrymogenic,, tamacoare]",0.804718192,0.190828778,0.002544743,0.001908288,0.605289254,0.143536702,0.143536702,0.107637342
Statement 1 | The symmetric group S_3 is cyclic. Statement 2 | Every group is isomorphic to some group of permutations.,abstract_algebra,"[linkiest,, lachrymogenic,, tamacoare,, pourvete]",0.908409709,0.090840958,6.81E-05,0.000681211,0.764326402,0.07643264,0.101924564,0.057316394
Statement 1 | The symmetric group S_3 is cyclic. Statement 2 | Every group is isomorphic to some group of permutations.,abstract_algebra,"[linkiest,, lachrymogenic,, pourvete,, tamacoare]",0.804707343,0.19082614,0.001073094,0.003393423,0.614474116,0.194313777,0.109270667,0.08194144
Statement 1 | The symmetric group S_3 is cyclic. Statement 2 | Every group is isomorphic to some group of permutations.,abstract_algebra,"[pourvete,, tamacoare,, linkiest,, lachrymogenic]",0.698197818,0.294427578,0.006981978,0.000392625,0.568558529,0.239759144,0.134826475,0.056855853
Statement 1 | The symmetric group S_3 is cyclic. Statement 2 | Every group is isomorphic to some group of permutations.,abstract_algebra,"[pourvete,, tamacoare,, lachrymogenic,, linkiest]",0.359575425,0.639425574,0.000639425,0.000359575,0.57721537,0.182531544,0.182531544,0.057721542
Statement 1 | The symmetric group S_3 is cyclic. Statement 2 | Every group is isomorphic to some group of permutations.,abstract_algebra,"[pourvete,, linkiest,, tamacoare,, lachrymogenic]",0.881616661,0.117565444,0.000661119,0.000156776,0.645862409,0.114852369,0.153158096,0.086127127
Statement 1 | The symmetric group S_3 is cyclic. Statement 2 | Every group is isomorphic to some group of permutations.,abstract_algebra,"[pourvete,, linkiest,, lachrymogenic,, tamacoare]",0.907363201,0.09073632,0.001613545,0.000286933,0.622034882,0.147507716,0.147507716,0.082949685
Statement 1 | The symmetric group S_3 is cyclic. Statement 2 | Every group is isomorphic to some group of permutations.,abstract_algebra,"[pourvete,, lachrymogenic,, tamacoare,, linkiest]",0.703020105,0.29646112,0.000222314,0.000296461,0.645862382,0.114852378,0.153158107,0.086127133
Statement 1 | The symmetric group S_3 is cyclic. Statement 2 | Every group is isomorphic to some group of permutations.,abstract_algebra,"[pourvete,, lachrymogenic,, linkiest,, tamacoare]",0.98675472,0.013158587,3.12E-05,5.55E-05,0.627827852,0.14888146,0.111645344,0.111645344
Statement 1 | The symmetric group S_3 is cyclic. Statement 2 | Every group is isomorphic to some group of permutations.,abstract_algebra,"[lachrymogenic,, tamacoare,, linkiest,, pourvete]",0.995564968,0.002360856,0.000746568,0.001327607,0.605289282,0.143536692,0.143536692,0.107637334
Statement 1 | The symmetric group S_3 is cyclic. Statement 2 | Every group is isomorphic to some group of permutations.,abstract_algebra,"[lachrymogenic,, tamacoare,, pourvete,, linkiest]",0.496730945,0.496730945,0.001570801,0.004967309,0.584312798,0.138562401,0.138562401,0.138562401
Statement 1 | The symmetric group S_3 is cyclic. Statement 2 | Every group is isomorphic to some group of permutations.,abstract_algebra,"[lachrymogenic,, linkiest,, tamacoare,, pourvete]",0.938908421,0.052798704,0.001252055,0.00704082,0.544466019,0.129113255,0.229599443,0.096821282
Statement 1 | The symmetric group S_3 is cyclic. Statement 2 | Every group is isomorphic to some group of permutations.,abstract_algebra,"[lachrymogenic,, linkiest,, pourvete,, tamacoare]",0.140818434,0.791880122,0.007918802,0.059382641,0.463044259,0.195264145,0.195264145,0.146427452
Statement 1 | The symmetric group S_3 is cyclic. Statement 2 | Every group is isomorphic to some group of permutations.,abstract_algebra,"[lachrymogenic,, pourvete,, tamacoare,, linkiest]",0.090800771,0.908007709,0.00051061,0.00068091,0.605289254,0.143536702,0.143536702,0.107637342
Statement 1 | The symmetric group S_3 is cyclic. Statement 2 | Every group is isomorphic to some group of permutations.,abstract_algebra,"[lachrymogenic,, pourvete,, linkiest,, tamacoare]",0.701556769,0.295844037,0.001663653,0.000935541,0.558502486,0.176613953,0.132441781,0.132441781
"Statement 1 | If a and b are elements of finite order in an Abelian group, then |ab| is the lcm (|a|,|b|). Statement 2 | If g is a group element and g^n = e, then |g| = n.",abstract_algebra,"[depressionary,, mabinogion,, unclassableness,, nontangentially]",0.775610491,0.18392619,0.007756103,0.032707216,0.577636304,0.182664651,0.136979164,0.102719882
"Statement 1 | If a and b are elements of finite order in an Abelian group, then |ab| is the lcm (|a|,|b|). Statement 2 | If g is a group element and g^n = e, then |g| = n.",abstract_algebra,"[depressionary,, mabinogion,, nontangentially,, unclassableness]",0.717255559,0.095647555,0.017008808,0.170088078,0.566313089,0.179083923,0.179083923,0.075519064
"Statement 1 | If a and b are elements of finite order in an Abelian group, then |ab| is the lcm (|a|,|b|). Statement 2 | If g is a group element and g^n = e, then |g| = n.",abstract_algebra,"[depressionary,, unclassableness,, mabinogion,, nontangentially]",0.190826189,0.804707293,0.001073095,0.003393423,0.486818883,0.205289821,0.153945648,0.153945648
"Statement 1 | If a and b are elements of finite order in an Abelian group, then |ab| is the lcm (|a|,|b|). Statement 2 | If g is a group element and g^n = e, then |g| = n.",abstract_algebra,"[depressionary,, unclassableness,, nontangentially,, mabinogion]",0.15063845,0.847102292,0.001129629,0.001129629,0.506313312,0.213510553,0.120065807,0.160110328
"Statement 1 | If a and b are elements of finite order in an Abelian group, then |ab| is the lcm (|a|,|b|). Statement 2 | If g is a group element and g^n = e, then |g| = n.",abstract_algebra,"[depressionary,, nontangentially,, mabinogion,, unclassableness]",0.671161279,0.159157458,0.050330007,0.119351256,0.486287416,0.27345951,0.153777583,0.08647549
"Statement 1 | If a and b are elements of finite order in an Abelian group, then |ab| is the lcm (|a|,|b|). Statement 2 | If g is a group element and g^n = e, then |g| = n.",abstract_algebra,"[depressionary,, nontangentially,, unclassableness,, mabinogion]",0.929032766,0.052243355,0.016520796,0.002203084,0.491010562,0.27611553,0.116436954,0.116436954
"Statement 1 | If a and b are elements of finite order in an Abelian group, then |ab| is the lcm (|a|,|b|). Statement 2 | If g is a group element and g^n = e, then |g| = n.",abstract_algebra,"[mabinogion,, depressionary,, unclassableness,, nontangentially]",0.966016198,0.030548109,0.001717846,0.001717846,0.544466065,0.22959942,0.096821273,0.129113242
"Statement 1 | If a and b are elements of finite order in an Abelian group, then |ab| is the lcm (|a|,|b|). Statement 2 | If g is a group element and g^n = e, then |g| = n.",abstract_algebra,"[mabinogion,, depressionary,, nontangentially,, unclassableness]",0.873310533,0.116457839,0.003682721,0.006548907,0.598127769,0.189144591,0.10636382,0.10636382
"Statement 1 | If a and b are elements of finite order in an Abelian group, then |ab| is the lcm (|a|,|b|). Statement 2 | If g is a group element and g^n = e, then |g| = n.",abstract_algebra,"[mabinogion,, unclassableness,, depressionary,, nontangentially]",0.982727684,0.013104884,0.004144128,2.33E-05,0.534394618,0.225352321,0.071262661,0.168990401
"Statement 1 | If a and b are elements of finite order in an Abelian group, then |ab| is the lcm (|a|,|b|). Statement 2 | If g is a group element and g^n = e, then |g| = n.",abstract_algebra,"[mabinogion,, unclassableness,, nontangentially,, depressionary]",0.957386476,0.040372646,0.000538378,0.0017025,0.584312798,0.138562401,0.138562401,0.138562401
"Statement 1 | If a and b are elements of finite order in an Abelian group, then |ab| is the lcm (|a|,|b|). Statement 2 | If g is a group element and g^n = e, then |g| = n.",abstract_algebra,"[mabinogion,, nontangentially,, depressionary,, unclassableness]",0.992670658,0.0031391,0.004186057,4.19E-06,0.57707514,0.243350569,0.076954207,0.102620084
"Statement 1 | If a and b are elements of finite order in an Abelian group, then |ab| is the lcm (|a|,|b|). Statement 2 | If g is a group element and g^n = e, then |g| = n.",abstract_algebra,"[mabinogion,, nontangentially,, unclassableness,, depressionary]",0.988246062,0.007410801,0.004167399,0.000175738,0.557977737,0.235297315,0.074407544,0.132317404
"Statement 1 | If a and b are elements of finite order in an Abelian group, then |ab| is the lcm (|a|,|b|). Statement 2 | If g is a group element and g^n = e, then |g| = n.",abstract_algebra,"[unclassableness,, depressionary,, mabinogion,, nontangentially]",0.999910045,5.62E-06,4.22E-05,4.22E-05,0.455623033,0.25621566,0.144080654,0.144080654
"Statement 1 | If a and b are elements of finite order in an Abelian group, then |ab| is the lcm (|a|,|b|). Statement 2 | If g is a group element and g^n = e, then |g| = n.",abstract_algebra,"[unclassableness,, depressionary,, nontangentially,, mabinogion]",0.99991006,1.00E-05,5.62E-05,2.37E-05,0.47265536,0.265793642,0.112084249,0.149466749
"Statement 1 | If a and b are elements of finite order in an Abelian group, then |ab| is the lcm (|a|,|b|). Statement 2 | If g is a group element and g^n = e, then |g| = n.",abstract_algebra,"[unclassableness,, mabinogion,, depressionary,, nontangentially]",0.999867832,3.16E-05,1.00E-04,5.62E-07,0.645862382,0.153158107,0.086127133,0.114852378
"Statement 1 | If a and b are elements of finite order in an Abelian group, then |ab| is the lcm (|a|,|b|). Statement 2 | If g is a group element and g^n = e, then |g| = n.",abstract_algebra,"[unclassableness,, mabinogion,, nontangentially,, depressionary]",0.995106567,0.003146803,0.000419633,0.001326996,0.605289309,0.143536682,0.143536682,0.107637327
"Statement 1 | If a and b are elements of finite order in an Abelian group, then |ab| is the lcm (|a|,|b|). Statement 2 | If g is a group element and g^n = e, then |g| = n.",abstract_algebra,"[unclassableness,, nontangentially,, depressionary,, mabinogion]",0.999798077,2.37E-05,0.000177792,4.22E-07,0.461923737,0.346393936,0.082142947,0.10953938
"Statement 1 | If a and b are elements of finite order in an Abelian group, then |ab| is the lcm (|a|,|b|). Statement 2 | If g is a group element and g^n = e, then |g| = n.",abstract_algebra,"[unclassableness,, nontangentially,, mabinogion,, depressionary]",0.999902503,3.16E-05,4.22E-05,2.37E-05,0.562634646,0.237261047,0.100052154,0.100052154
"Statement 1 | If a and b are elements of finite order in an Abelian group, then |ab| is the lcm (|a|,|b|). Statement 2 | If g is a group element and g^n = e, then |g| = n.",abstract_algebra,"[nontangentially,, depressionary,, mabinogion,, unclassableness]",0.896769698,0.001594707,0.011958617,0.089676978,0.409683204,0.230381796,0.230381796,0.129553204
"Statement 1 | If a and b are elements of finite order in an Abelian group, then |ab| is the lcm (|a|,|b|). Statement 2 | If g is a group element and g^n = e, then |g| = n.",abstract_algebra,"[nontangentially,, depressionary,, unclassableness,, mabinogion]",0.943582543,0.001677954,0.053061549,0.001677954,0.41975365,0.314770832,0.132737759,0.132737759
"Statement 1 | If a and b are elements of finite order in an Abelian group, then |ab| is the lcm (|a|,|b|). Statement 2 | If g is a group element and g^n = e, then |g| = n.",abstract_algebra,"[nontangentially,, mabinogion,, depressionary,, unclassableness]",0.969509118,0.022990683,0.007270292,0.000229907,0.664963574,0.15768775,0.088674338,0.088674338
"Statement 1 | If a and b are elements of finite order in an Abelian group, then |ab| is the lcm (|a|,|b|). Statement 2 | If g is a group element and g^n = e, then |g| = n.",abstract_algebra,"[nontangentially,, mabinogion,, unclassableness,, depressionary]",0.84547401,0.150348878,0.002673623,0.001503489,0.664963605,0.157687735,0.08867433,0.08867433
"Statement 1 | If a and b are elements of finite order in an Abelian group, then |ab| is the lcm (|a|,|b|). Statement 2 | If g is a group element and g^n = e, then |g| = n.",abstract_algebra,"[nontangentially,, unclassableness,, depressionary,, mabinogion]",0.997211734,0.001773321,0.000997212,1.77E-05,0.505738453,0.284397632,0.089934428,0.119929487
"Statement 1 | If a and b are elements of finite order in an Abelian group, then |ab| is the lcm (|a|,|b|). Statement 2 | If g is a group element and g^n = e, then |g| = n.",abstract_algebra,"[nontangentially,, unclassableness,, mabinogion,, depressionary]",0.990554481,0.003132409,0.000742811,0.005570298,0.506313312,0.213510553,0.160110328,0.120065807
"Statement 1 | If f is a homomorphism from G to K and H is normal in G then f(H) is normal in K. Statement 2 | If f is a homomorphism from G to a group and H is finite subgroup of G, then |f(H)| divides |H|.",abstract_algebra,"[hemophilia,, barratrous,, uneffeminated,, antiportable]",0.976175267,0.017359122,0.005489436,0.000976175,0.455623033,0.25621566,0.144080654,0.144080654
"Statement 1 | If f is a homomorphism from G to K and H is normal in G then f(H) is normal in K. Statement 2 | If f is a homomorphism from G to a group and H is finite subgroup of G, then |f(H)| divides |H|.",abstract_algebra,"[hemophilia,, barratrous,, antiportable,, uneffeminated]",0.962623971,0.022827415,0.001711815,0.012836799,0.513167019,0.16227766,0.16227766,0.16227766
"Statement 1 | If f is a homomorphism from G to K and H is normal in G then f(H) is normal in K. Statement 2 | If f is a homomorphism from G to a group and H is finite subgroup of G, then |f(H)| divides |H|.",abstract_algebra,"[hemophilia,, uneffeminated,, barratrous,, antiportable]",0.948018489,0.016858418,0.022481062,0.01264203,0.434732408,0.244467998,0.183325136,0.137474458
"Statement 1 | If f is a homomorphism from G to K and H is normal in G then f(H) is normal in K. Statement 2 | If f is a homomorphism from G to a group and H is finite subgroup of G, then |f(H)| divides |H|.",abstract_algebra,"[hemophilia,, uneffeminated,, antiportable,, barratrous]",0.96173956,0.01710241,0.01710241,0.004055621,0.434732408,0.244467998,0.183325136,0.137474458
"Statement 1 | If f is a homomorphism from G to K and H is normal in G then f(H) is normal in K. Statement 2 | If f is a homomorphism from G to a group and H is finite subgroup of G, then |f(H)| divides |H|.",abstract_algebra,"[hemophilia,, antiportable,, barratrous,, uneffeminated]",0.987626843,0.009876265,0.000740615,0.001756276,0.415673496,0.233750385,0.17528806,0.17528806
"Statement 1 | If f is a homomorphism from G to K and H is normal in G then f(H) is normal in K. Statement 2 | If f is a homomorphism from G to a group and H is finite subgroup of G, then |f(H)| divides |H|.",abstract_algebra,"[hemophilia,, antiportable,, uneffeminated,, barratrous]",0.979853169,0.017424526,0.001742453,0.000979853,0.434732408,0.244467998,0.183325136,0.137474458
"Statement 1 | If f is a homomorphism from G to K and H is normal in G then f(H) is normal in K. Statement 2 | If f is a homomorphism from G to a group and H is finite subgroup of G, then |f(H)| divides |H|.",abstract_algebra,"[barratrous,, hemophilia,, uneffeminated,, antiportable]",0.999817567,0.000177796,4.22E-06,4.22E-07,0.5348758,0.169142579,0.126839041,0.169142579
"Statement 1 | If f is a homomorphism from G to K and H is normal in G then f(H) is normal in K. Statement 2 | If f is a homomorphism from G to a group and H is finite subgroup of G, then |f(H)| divides |H|.",abstract_algebra,"[barratrous,, hemophilia,, antiportable,, uneffeminated]",0.998165141,0.001775016,4.21E-05,1.78E-05,0.558502429,0.132441798,0.132441798,0.176613976
"Statement 1 | If f is a homomorphism from G to K and H is normal in G then f(H) is normal in K. Statement 2 | If f is a homomorphism from G to a group and H is finite subgroup of G, then |f(H)| divides |H|.",abstract_algebra,"[barratrous,, uneffeminated,, hemophilia,, antiportable]",0.938459697,0.039574523,0.005277346,0.016688434,0.423402288,0.238096604,0.238096604,0.100404505
"Statement 1 | If f is a homomorphism from G to K and H is normal in G then f(H) is normal in K. Statement 2 | If f is a homomorphism from G to a group and H is finite subgroup of G, then |f(H)| divides |H|.",abstract_algebra,"[barratrous,, uneffeminated,, antiportable,, hemophilia]",0.978313075,0.013046012,0.007336312,0.001304601,0.434732408,0.244467998,0.183325136,0.137474458
"Statement 1 | If f is a homomorphism from G to K and H is normal in G then f(H) is normal in K. Statement 2 | If f is a homomorphism from G to a group and H is finite subgroup of G, then |f(H)| divides |H|.",abstract_algebra,"[barratrous,, antiportable,, hemophilia,, uneffeminated]",0.998069222,0.001774846,5.61E-05,9.98E-05,0.486818883,0.205289821,0.153945648,0.153945648
"Statement 1 | If f is a homomorphism from G to K and H is normal in G then f(H) is normal in K. Statement 2 | If f is a homomorphism from G to a group and H is finite subgroup of G, then |f(H)| divides |H|.",abstract_algebra,"[barratrous,, antiportable,, uneffeminated,, hemophilia]",0.997864919,0.001330674,0.000748293,5.61E-05,0.455623033,0.25621566,0.144080654,0.144080654
"Statement 1 | If f is a homomorphism from G to K and H is normal in G then f(H) is normal in K. Statement 2 | If f is a homomorphism from G to a group and H is finite subgroup of G, then |f(H)| divides |H|.",abstract_algebra,"[uneffeminated,, hemophilia,, barratrous,, antiportable]",0.97362915,0.023088382,0.000973629,0.002308838,0.577636321,0.182664643,0.136979158,0.102719878
"Statement 1 | If f is a homomorphism from G to K and H is normal in G then f(H) is normal in K. Statement 2 | If f is a homomorphism from G to a group and H is finite subgroup of G, then |f(H)| divides |H|.",abstract_algebra,"[uneffeminated,, hemophilia,, antiportable,, barratrous]",0.945585017,0.053174153,0.000709089,0.000531741,0.52743416,0.222417141,0.12507435,0.12507435
"Statement 1 | If f is a homomorphism from G to K and H is normal in G then f(H) is normal in K. Statement 2 | If f is a homomorphism from G to a group and H is finite subgroup of G, then |f(H)| divides |H|.",abstract_algebra,"[uneffeminated,, barratrous,, hemophilia,, antiportable]",0.941416251,0.052939729,0.001674101,0.00396992,0.5348758,0.169142579,0.169142579,0.126839041
"Statement 1 | If f is a homomorphism from G to K and H is normal in G then f(H) is normal in K. Statement 2 | If f is a homomorphism from G to a group and H is finite subgroup of G, then |f(H)| divides |H|.",abstract_algebra,"[uneffeminated,, barratrous,, antiportable,, hemophilia]",0.956137624,0.040319987,0.002267359,0.00127503,0.558502412,0.176613982,0.132441803,0.132441803
"Statement 1 | If f is a homomorphism from G to K and H is normal in G then f(H) is normal in K. Statement 2 | If f is a homomorphism from G to a group and H is finite subgroup of G, then |f(H)| divides |H|.",abstract_algebra,"[uneffeminated,, antiportable,, hemophilia,, barratrous]",0.992352111,0.005580407,0.000744159,0.001323323,0.506313312,0.213510553,0.160110328,0.120065807
"Statement 1 | If f is a homomorphism from G to K and H is normal in G then f(H) is normal in K. Statement 2 | If f is a homomorphism from G to a group and H is finite subgroup of G, then |f(H)| divides |H|.",abstract_algebra,"[uneffeminated,, antiportable,, barratrous,, hemophilia]",0.994392954,0.004193321,0.000994393,0.000419332,0.521988175,0.220120588,0.165067154,0.092824082
"Statement 1 | If f is a homomorphism from G to K and H is normal in G then f(H) is normal in K. Statement 2 | If f is a homomorphism from G to a group and H is finite subgroup of G, then |f(H)| divides |H|.",abstract_algebra,"[antiportable,, hemophilia,, barratrous,, uneffeminated]",0.908481454,0.090848156,0.000383103,0.000287287,0.592867585,0.14059106,0.187481192,0.079060163
"Statement 1 | If f is a homomorphism from G to K and H is normal in G then f(H) is normal in K. Statement 2 | If f is a homomorphism from G to a group and H is finite subgroup of G, then |f(H)| divides |H|.",abstract_algebra,"[antiportable,, hemophilia,, uneffeminated,, barratrous]",0.991979848,0.007438798,0.000557831,2.35E-05,0.577636349,0.182664631,0.136979149,0.102719871
"Statement 1 | If f is a homomorphism from G to K and H is normal in G then f(H) is normal in K. Statement 2 | If f is a homomorphism from G to a group and H is finite subgroup of G, then |f(H)| divides |H|.",abstract_algebra,"[antiportable,, barratrous,, hemophilia,, uneffeminated]",0.924545234,0.06933112,0.000924545,0.005199101,0.480646671,0.202687021,0.202687021,0.113979288
"Statement 1 | If f is a homomorphism from G to K and H is normal in G then f(H) is normal in K. Statement 2 | If f is a homomorphism from G to a group and H is finite subgroup of G, then |f(H)| divides |H|.",abstract_algebra,"[antiportable,, barratrous,, uneffeminated,, hemophilia]",0.981392195,0.017451894,0.000981393,0.000174519,0.521988175,0.220120588,0.165067154,0.092824082
"Statement 1 | If f is a homomorphism from G to K and H is normal in G then f(H) is normal in K. Statement 2 | If f is a homomorphism from G to a group and H is finite subgroup of G, then |f(H)| divides |H|.",abstract_algebra,"[antiportable,, uneffeminated,, hemophilia,, barratrous]",0.955065192,0.022648161,0.00955065,0.012735997,0.392253326,0.294148497,0.220580255,0.093017922
"Statement 1 | If f is a homomorphism from G to K and H is normal in G then f(H) is normal in K. Statement 2 | If f is a homomorphism from G to a group and H is finite subgroup of G, then |f(H)| divides |H|.",abstract_algebra,"[antiportable,, uneffeminated,, barratrous,, hemophilia]",0.961739534,0.004055623,0.017102421,0.017102421,0.462563409,0.26011852,0.195061372,0.082256699
Find the maximum possible order for an element of S_n for n = 7.,abstract_algebra,"[cudgerie,, shasliks,, isocorybulbin,, arborization]",0.226916161,0.053810302,0.001701632,0.717571906,0.534394595,0.168990409,0.225352332,0.071262665
Find the maximum possible order for an element of S_n for n = 7.,abstract_algebra,"[cudgerie,, shasliks,, arborization,, isocorybulbin]",0.740185404,0.023406725,0.002340673,0.234067198,0.494750463,0.20863454,0.20863454,0.087980456
Find the maximum possible order for an element of S_n for n = 7.,abstract_algebra,"[cudgerie,, isocorybulbin,, shasliks,, arborization]",0.950157638,0.012670559,0.007125179,0.030046624,0.486287416,0.27345951,0.153777583,0.08647549
Find the maximum possible order for an element of S_n for n = 7.,abstract_algebra,"[cudgerie,, isocorybulbin,, arborization,, shasliks]",0.946159264,0.016825357,0.007095194,0.029920185,0.486287416,0.27345951,0.153777583,0.08647549
Find the maximum possible order for an element of S_n for n = 7.,abstract_algebra,"[cudgerie,, arborization,, shasliks,, isocorybulbin]",0.893688102,0.011917521,0.005025577,0.0893688,0.534394566,0.168990419,0.225352346,0.071262669
Find the maximum possible order for an element of S_n for n = 7.,abstract_algebra,"[cudgerie,, arborization,, isocorybulbin,, shasliks]",0.933265201,0.022131199,0.005248134,0.039355465,0.592867585,0.187481192,0.14059106,0.079060163
Find the maximum possible order for an element of S_n for n = 7.,abstract_algebra,"[shasliks,, cudgerie,, isocorybulbin,, arborization]",0.361895394,0.361895394,0.004825953,0.27138326,0.577636321,0.136979158,0.182664643,0.102719878
Find the maximum possible order for an element of S_n for n = 7.,abstract_algebra,"[shasliks,, cudgerie,, arborization,, isocorybulbin]",0.62001678,0.110256292,0.008268056,0.261458872,0.521988175,0.220120588,0.165067154,0.092824082
Find the maximum possible order for an element of S_n for n = 7.,abstract_algebra,"[shasliks,, isocorybulbin,, cudgerie,, arborization]",0.951025476,0.022552373,0.009510257,0.016911894,0.521988175,0.220120588,0.165067154,0.092824082
Find the maximum possible order for an element of S_n for n = 7.,abstract_algebra,"[shasliks,, isocorybulbin,, arborization,, cudgerie]",0.94369127,0.039795131,0.007076686,0.009436913,0.544466031,0.229599437,0.129113252,0.09682128
Find the maximum possible order for an element of S_n for n = 7.,abstract_algebra,"[shasliks,, arborization,, cudgerie,, isocorybulbin]",0.944734189,0.022403179,0.002987512,0.02987512,0.521988175,0.165067154,0.220120588,0.092824082
Find the maximum possible order for an element of S_n for n = 7.,abstract_algebra,"[shasliks,, arborization,, isocorybulbin,, cudgerie]",0.964726387,0.030507327,0.001715553,0.003050733,0.577636293,0.136979167,0.182664655,0.102719884
Find the maximum possible order for an element of S_n for n = 7.,abstract_algebra,"[isocorybulbin,, cudgerie,, shasliks,, arborization]",0.749123208,0.017764515,0.099897208,0.133215068,0.534394566,0.168990419,0.225352346,0.071262669
Find the maximum possible order for an element of S_n for n = 7.,abstract_algebra,"[isocorybulbin,, cudgerie,, arborization,, shasliks]",0.876521899,0.02078561,0.036962622,0.06572987,0.566313089,0.179083923,0.179083923,0.075519064
Find the maximum possible order for an element of S_n for n = 7.,abstract_algebra,"[isocorybulbin,, shasliks,, cudgerie,, arborization]",0.851081996,0.026913576,0.00851082,0.113493608,0.614474116,0.109270667,0.194313777,0.08194144
Find the maximum possible order for an element of S_n for n = 7.,abstract_algebra,"[isocorybulbin,, shasliks,, arborization,, cudgerie]",0.626749084,0.148625643,0.026429792,0.198195481,0.64586233,0.114852395,0.15315813,0.086127146
Find the maximum possible order for an element of S_n for n = 7.,abstract_algebra,"[isocorybulbin,, arborization,, cudgerie,, shasliks]",0.922685904,0.009226858,0.029177893,0.038909346,0.521988175,0.220120588,0.165067154,0.092824082
Find the maximum possible order for an element of S_n for n = 7.,abstract_algebra,"[isocorybulbin,, arborization,, shasliks,, cudgerie]",0.970021344,0.005454831,0.017249691,0.007274134,0.521988175,0.165067154,0.220120588,0.092824082
Find the maximum possible order for an element of S_n for n = 7.,abstract_algebra,"[arborization,, cudgerie,, shasliks,, isocorybulbin]",0.884081053,0.01178941,0.015721431,0.088408105,0.434308534,0.244229637,0.244229637,0.077232192
Find the maximum possible order for an element of S_n for n = 7.,abstract_algebra,"[arborization,, cudgerie,, isocorybulbin,, shasliks]",0.977400202,0.005496326,0.009774003,0.007329469,0.534394566,0.225352346,0.168990419,0.071262669
Find the maximum possible order for an element of S_n for n = 7.,abstract_algebra,"[arborization,, shasliks,, cudgerie,, isocorybulbin]",0.860075,0.020395597,0.004836558,0.114692845,0.534394595,0.168990409,0.225352332,0.071262665
Find the maximum possible order for an element of S_n for n = 7.,abstract_algebra,"[arborization,, shasliks,, isocorybulbin,, cudgerie]",0.950771939,0.016907378,0.002254635,0.030066049,0.592867563,0.140591068,0.187481202,0.079060167
Find the maximum possible order for an element of S_n for n = 7.,abstract_algebra,"[arborization,, isocorybulbin,, cudgerie,, shasliks]",0.989246576,0.000989247,0.002345874,0.007418304,0.521988175,0.220120588,0.165067154,0.092824082
Find the maximum possible order for an element of S_n for n = 7.,abstract_algebra,"[arborization,, isocorybulbin,, shasliks,, cudgerie]",0.987870681,0.00055552,0.004165815,0.007407984,0.415156865,0.311323729,0.175070198,0.098449207
Statement 1 | Every integral domain has a field of quotients. Statement 2 | A polynomial of degree n over a ring can have at most n zeros counting multiplicity.,abstract_algebra,"[pseudotracheal,, overappreciative,, quinquagenary,, guajiras]",0.668677634,0.28197902,0.021145443,0.028197902,0.450212122,0.253172881,0.189852878,0.106762119
Statement 1 | Every integral domain has a field of quotients. Statement 2 | A polynomial of degree n over a ring can have at most n zeros counting multiplicity.,abstract_algebra,"[pseudotracheal,, overappreciative,, guajiras,, quinquagenary]",0.614165847,0.345370836,0.025899153,0.014564164,0.506313312,0.213510553,0.160110328,0.120065807
Statement 1 | Every integral domain has a field of quotients. Statement 2 | A polynomial of degree n over a ring can have at most n zeros counting multiplicity.,abstract_algebra,"[pseudotracheal,, quinquagenary,, overappreciative,, guajiras]",0.74998942,0.100012696,0.074998942,0.074998942,0.472279558,0.265582313,0.199158638,0.062979491
Statement 1 | Every integral domain has a field of quotients. Statement 2 | A polynomial of degree n over a ring can have at most n zeros counting multiplicity.,abstract_algebra,"[pseudotracheal,, quinquagenary,, guajiras,, overappreciative]",0.798964307,0.142078178,0.02526547,0.033692045,0.552399651,0.174684124,0.174684124,0.098232102
Statement 1 | Every integral domain has a field of quotients. Statement 2 | A polynomial of degree n over a ring can have at most n zeros counting multiplicity.,abstract_algebra,"[pseudotracheal,, guajiras,, overappreciative,, quinquagenary]",0.802683927,0.04513823,0.107039612,0.04513823,0.47265536,0.265793642,0.149466749,0.112084249
Statement 1 | Every integral domain has a field of quotients. Statement 2 | A polynomial of degree n over a ring can have at most n zeros counting multiplicity.,abstract_algebra,"[pseudotracheal,, guajiras,, quinquagenary,, overappreciative]",0.588399892,0.058839989,0.248126177,0.104633941,0.450212122,0.253172881,0.189852878,0.106762119
Statement 1 | Every integral domain has a field of quotients. Statement 2 | A polynomial of degree n over a ring can have at most n zeros counting multiplicity.,abstract_algebra,"[overappreciative,, pseudotracheal,, quinquagenary,, guajiras]",0.999931992,1.00E-05,5.62E-05,1.78E-06,0.415673496,0.233750385,0.17528806,0.17528806
Statement 1 | Every integral domain has a field of quotients. Statement 2 | A polynomial of degree n over a ring can have at most n zeros counting multiplicity.,abstract_algebra,"[overappreciative,, pseudotracheal,, guajiras,, quinquagenary]",0.999950797,2.37E-05,2.37E-05,1.78E-06,0.392714494,0.220839589,0.165606329,0.220839589
Statement 1 | Every integral domain has a field of quotients. Statement 2 | A polynomial of degree n over a ring can have at most n zeros counting multiplicity.,abstract_algebra,"[overappreciative,, quinquagenary,, pseudotracheal,, guajiras]",0.999683756,0.000237062,7.50E-05,4.22E-06,0.506313312,0.213510553,0.160110328,0.120065807
Statement 1 | Every integral domain has a field of quotients. Statement 2 | A polynomial of degree n over a ring can have at most n zeros counting multiplicity.,abstract_algebra,"[overappreciative,, quinquagenary,, guajiras,, pseudotracheal]",0.999983369,1.33E-05,3.16E-06,1.33E-07,0.552399657,0.174684121,0.0982321,0.174684121
Statement 1 | Every integral domain has a field of quotients. Statement 2 | A polynomial of degree n over a ring can have at most n zeros counting multiplicity.,abstract_algebra,"[overappreciative,, guajiras,, pseudotracheal,, quinquagenary]",0.976698808,0.02316118,0.000130245,9.77E-06,0.544466105,0.2295994,0.129113231,0.096821264
Statement 1 | Every integral domain has a field of quotients. Statement 2 | A polynomial of degree n over a ring can have at most n zeros counting multiplicity.,abstract_algebra,"[overappreciative,, guajiras,, quinquagenary,, pseudotracheal]",0.982182047,0.017465941,0.000310593,4.14E-05,0.577636321,0.182664643,0.136979158,0.102719878
Statement 1 | Every integral domain has a field of quotients. Statement 2 | A polynomial of degree n over a ring can have at most n zeros counting multiplicity.,abstract_algebra,"[quinquagenary,, pseudotracheal,, overappreciative,, guajiras]",0.93704169,0.016663222,0.029631865,0.016663222,0.577636304,0.182664651,0.136979164,0.102719882
Statement 1 | Every integral domain has a field of quotients. Statement 2 | A polynomial of degree n over a ring can have at most n zeros counting multiplicity.,abstract_algebra,"[quinquagenary,, pseudotracheal,, guajiras,, overappreciative]",0.953178244,0.009531782,0.030142147,0.007147828,0.463044259,0.195264145,0.195264145,0.146427452
Statement 1 | Every integral domain has a field of quotients. Statement 2 | A polynomial of degree n over a ring can have at most n zeros counting multiplicity.,abstract_algebra,"[quinquagenary,, overappreciative,, pseudotracheal,, guajiras]",0.007438262,0.991908235,0.000418284,0.000235219,0.5348758,0.169142579,0.169142579,0.126839041
Statement 1 | Every integral domain has a field of quotients. Statement 2 | A polynomial of degree n over a ring can have at most n zeros counting multiplicity.,abstract_algebra,"[quinquagenary,, overappreciative,, guajiras,, pseudotracheal]",0.023161178,0.97669881,0.000130245,9.77E-06,0.558502412,0.176613982,0.132441803,0.132441803
Statement 1 | Every integral domain has a field of quotients. Statement 2 | A polynomial of degree n over a ring can have at most n zeros counting multiplicity.,abstract_algebra,"[quinquagenary,, guajiras,, pseudotracheal,, overappreciative]",0.923941808,0.021910117,0.051957064,0.002191012,0.450212122,0.253172881,0.189852878,0.106762119
Statement 1 | Every integral domain has a field of quotients. Statement 2 | A polynomial of degree n over a ring can have at most n zeros counting multiplicity.,abstract_algebra,"[quinquagenary,, guajiras,, overappreciative,, pseudotracheal]",0.935413736,0.022182152,0.039446074,0.002958038,0.462563409,0.26011852,0.195061372,0.082256699
Statement 1 | Every integral domain has a field of quotients. Statement 2 | A polynomial of degree n over a ring can have at most n zeros counting multiplicity.,abstract_algebra,"[guajiras,, pseudotracheal,, overappreciative,, quinquagenary]",0.997380586,0.000236516,0.002365162,1.77E-05,0.401958587,0.301426417,0.169504531,0.127110466
Statement 1 | Every integral domain has a field of quotients. Statement 2 | A polynomial of degree n over a ring can have at most n zeros counting multiplicity.,abstract_algebra,"[guajiras,, pseudotracheal,, quinquagenary,, overappreciative]",0.989520705,0.000742036,0.005564484,0.004172775,0.355111595,0.266296129,0.266296129,0.112296146
Statement 1 | Every integral domain has a field of quotients. Statement 2 | A polynomial of degree n over a ring can have at most n zeros counting multiplicity.,abstract_algebra,"[guajiras,, overappreciative,, pseudotracheal,, quinquagenary]",0.958857746,0.040434689,0.000303218,0.000404347,0.480646671,0.202687021,0.113979288,0.202687021
Statement 1 | Every integral domain has a field of quotients. Statement 2 | A polynomial of degree n over a ring can have at most n zeros counting multiplicity.,abstract_algebra,"[guajiras,, overappreciative,, quinquagenary,, pseudotracheal]",0.993859478,0.005588882,0.000132533,0.000419107,0.486818883,0.205289821,0.153945648,0.153945648
Statement 1 | Every integral domain has a field of quotients. Statement 2 | A polynomial of degree n over a ring can have at most n zeros counting multiplicity.,abstract_algebra,"[guajiras,, quinquagenary,, pseudotracheal,, overappreciative]",0.942549318,0.039746979,0.016761154,0.000942549,0.415156865,0.311323729,0.175070198,0.098449207
Statement 1 | Every integral domain has a field of quotients. Statement 2 | A polynomial of degree n over a ring can have at most n zeros counting multiplicity.,abstract_algebra,"[guajiras,, quinquagenary,, overappreciative,, pseudotracheal]",0.966684541,0.022923701,0.009666847,0.000724911,0.486287416,0.27345951,0.153777583,0.08647549
"Statement 1 | If a group has an element of order 10, then the number of elements of order 10 is divisible by 4. Statement 2 | If m and n are positive integers and phi is the Euler phi function, then phi(mn) = phi(m)phi(n).",abstract_algebra,"[redressal,, semisentimental,, nongerundial,, occipitoaxial]",0.948018483,0.01685842,0.012642032,0.022481065,0.47265536,0.265793642,0.112084249,0.149466749
"Statement 1 | If a group has an element of order 10, then the number of elements of order 10 is divisible by 4. Statement 2 | If m and n are positive integers and phi is the Euler phi function, then phi(mn) = phi(m)phi(n).",abstract_algebra,"[redressal,, semisentimental,, occipitoaxial,, nongerundial]",0.994754462,0.004194845,0.000994754,5.59E-05,0.506313312,0.213510553,0.160110328,0.120065807
"Statement 1 | If a group has an element of order 10, then the number of elements of order 10 is divisible by 4. Statement 2 | If m and n are positive integers and phi is the Euler phi function, then phi(mn) = phi(m)phi(n).",abstract_algebra,"[redressal,, nongerundial,, semisentimental,, occipitoaxial]",0.846444818,0.150521546,0.002676694,0.000356943,0.544465991,0.229599457,0.096821288,0.129113263
"Statement 1 | If a group has an element of order 10, then the number of elements of order 10 is divisible by 4. Statement 2 | If m and n are positive integers and phi is the Euler phi function, then phi(mn) = phi(m)phi(n).",abstract_algebra,"[redressal,, nongerundial,, occipitoaxial,, semisentimental]",0.928656922,0.069639445,0.001651411,5.22E-05,0.47265536,0.265793642,0.149466749,0.112084249
"Statement 1 | If a group has an element of order 10, then the number of elements of order 10 is divisible by 4. Statement 2 | If m and n are positive integers and phi is the Euler phi function, then phi(mn) = phi(m)phi(n).",abstract_algebra,"[redressal,, occipitoaxial,, semisentimental,, nongerundial]",0.999514806,5.62E-05,0.000421492,7.50E-06,0.47265536,0.265793642,0.112084249,0.149466749
"Statement 1 | If a group has an element of order 10, then the number of elements of order 10 is divisible by 4. Statement 2 | If m and n are positive integers and phi is the Euler phi function, then phi(mn) = phi(m)phi(n).",abstract_algebra,"[redressal,, occipitoaxial,, nongerundial,, semisentimental]",0.999734386,5.62E-05,0.000177781,3.16E-05,0.52743416,0.222417141,0.12507435,0.12507435
"Statement 1 | If a group has an element of order 10, then the number of elements of order 10 is divisible by 4. Statement 2 | If m and n are positive integers and phi is the Euler phi function, then phi(mn) = phi(m)phi(n).",abstract_algebra,"[semisentimental,, redressal,, nongerundial,, occipitoaxial]",0.696952069,0.005226404,0.00391925,0.293902278,0.409683204,0.230381796,0.230381796,0.129553204
"Statement 1 | If a group has an element of order 10, then the number of elements of order 10 is divisible by 4. Statement 2 | If m and n are positive integers and phi is the Euler phi function, then phi(mn) = phi(m)phi(n).",abstract_algebra,"[semisentimental,, redressal,, occipitoaxial,, nongerundial]",0.993960429,0.002357052,0.001325468,0.002357052,0.392714494,0.220839589,0.220839589,0.165606329
"Statement 1 | If a group has an element of order 10, then the number of elements of order 10 is divisible by 4. Statement 2 | If m and n are positive integers and phi is the Euler phi function, then phi(mn) = phi(m)phi(n).",abstract_algebra,"[semisentimental,, nongerundial,, redressal,, occipitoaxial]",0.68990292,0.290929649,0.012268402,0.006899029,0.521988175,0.220120588,0.165067154,0.092824082
"Statement 1 | If a group has an element of order 10, then the number of elements of order 10 is divisible by 4. Statement 2 | If m and n are positive integers and phi is the Euler phi function, then phi(mn) = phi(m)phi(n).",abstract_algebra,"[semisentimental,, nongerundial,, occipitoaxial,, redressal]",0.562531887,0.421839405,0.010003389,0.005625319,0.521988175,0.220120588,0.165067154,0.092824082
"Statement 1 | If a group has an element of order 10, then the number of elements of order 10 is divisible by 4. Statement 2 | If m and n are positive integers and phi is the Euler phi function, then phi(mn) = phi(m)phi(n).",abstract_algebra,"[semisentimental,, occipitoaxial,, redressal,, nongerundial]",0.950771932,0.002254636,0.03006605,0.016907382,0.335116395,0.335116395,0.188449798,0.141317412
"Statement 1 | If a group has an element of order 10, then the number of elements of order 10 is divisible by 4. Statement 2 | If m and n are positive integers and phi is the Euler phi function, then phi(mn) = phi(m)phi(n).",abstract_algebra,"[semisentimental,, occipitoaxial,, nongerundial,, redressal]",0.927442552,0.003910993,0.016492522,0.052153933,0.455623033,0.25621566,0.144080654,0.144080654
"Statement 1 | If a group has an element of order 10, then the number of elements of order 10 is divisible by 4. Statement 2 | If m and n are positive integers and phi is the Euler phi function, then phi(mn) = phi(m)phi(n).",abstract_algebra,"[nongerundial,, redressal,, semisentimental,, occipitoaxial]",0.967673701,0.017207937,0.009676734,0.005441627,0.434167347,0.32557958,0.13729577,0.102957303
"Statement 1 | If a group has an element of order 10, then the number of elements of order 10 is divisible by 4. Statement 2 | If m and n are positive integers and phi is the Euler phi function, then phi(mn) = phi(m)phi(n).",abstract_algebra,"[nongerundial,, redressal,, occipitoaxial,, semisentimental]",0.994290042,0.002357834,0.002357834,0.00099429,0.434732408,0.244467998,0.183325136,0.137474458
"Statement 1 | If a group has an element of order 10, then the number of elements of order 10 is divisible by 4. Statement 2 | If m and n are positive integers and phi is the Euler phi function, then phi(mn) = phi(m)phi(n).",abstract_algebra,"[nongerundial,, semisentimental,, redressal,, occipitoaxial]",0.93556837,0.029585272,0.029585272,0.005261087,0.52743416,0.222417141,0.12507435,0.12507435
"Statement 1 | If a group has an element of order 10, then the number of elements of order 10 is divisible by 4. Statement 2 | If m and n are positive integers and phi is the Euler phi function, then phi(mn) = phi(m)phi(n).",abstract_algebra,"[nongerundial,, semisentimental,, occipitoaxial,, redressal]",0.920710645,0.038826037,0.038826037,0.00163728,0.434167347,0.32557958,0.13729577,0.102957303
"Statement 1 | If a group has an element of order 10, then the number of elements of order 10 is divisible by 4. Statement 2 | If m and n are positive integers and phi is the Euler phi function, then phi(mn) = phi(m)phi(n).",abstract_algebra,"[nongerundial,, occipitoaxial,, redressal,, semisentimental]",0.727428057,0.003067538,0.097004068,0.172500337,0.445642745,0.334184914,0.14092461,0.079247732
"Statement 1 | If a group has an element of order 10, then the number of elements of order 10 is divisible by 4. Statement 2 | If m and n are positive integers and phi is the Euler phi function, then phi(mn) = phi(m)phi(n).",abstract_algebra,"[nongerundial,, occipitoaxial,, semisentimental,, redressal]",0.861116656,0.003631299,0.114831752,0.020420294,0.41975365,0.314770832,0.132737759,0.132737759
"Statement 1 | If a group has an element of order 10, then the number of elements of order 10 is divisible by 4. Statement 2 | If m and n are positive integers and phi is the Euler phi function, then phi(mn) = phi(m)phi(n).",abstract_algebra,"[occipitoaxial,, redressal,, semisentimental,, nongerundial]",0.557364331,0.235038644,0.031342907,0.176254118,0.506313312,0.213510553,0.160110328,0.120065807
"Statement 1 | If a group has an element of order 10, then the number of elements of order 10 is divisible by 4. Statement 2 | If m and n are positive integers and phi is the Euler phi function, then phi(mn) = phi(m)phi(n).",abstract_algebra,"[occipitoaxial,, redressal,, nongerundial,, semisentimental]",0.57137325,0.101606152,0.005713734,0.321306864,0.505738453,0.119929487,0.284397632,0.089934428
"Statement 1 | If a group has an element of order 10, then the number of elements of order 10 is divisible by 4. Statement 2 | If m and n are positive integers and phi is the Euler phi function, then phi(mn) = phi(m)phi(n).",abstract_algebra,"[occipitoaxial,, semisentimental,, redressal,, nongerundial]",0.698985226,0.124299132,0.052416509,0.124299132,0.450212122,0.253172881,0.189852878,0.106762119
"Statement 1 | If a group has an element of order 10, then the number of elements of order 10 is divisible by 4. Statement 2 | If m and n are positive integers and phi is the Euler phi function, then phi(mn) = phi(m)phi(n).",abstract_algebra,"[occipitoaxial,, semisentimental,, nongerundial,, redressal]",0.616638214,0.061663816,0.061663816,0.260034155,0.486287416,0.27345951,0.153777583,0.08647549
"Statement 1 | If a group has an element of order 10, then the number of elements of order 10 is divisible by 4. Statement 2 | If m and n are positive integers and phi is the Euler phi function, then phi(mn) = phi(m)phi(n).",abstract_algebra,"[occipitoaxial,, nongerundial,, redressal,, semisentimental]",0.251832182,0.597188269,0.106196751,0.044782798,0.497037351,0.279504642,0.157177011,0.066280996
"Statement 1 | If a group has an element of order 10, then the number of elements of order 10 is divisible by 4. Statement 2 | If m and n are positive integers and phi is the Euler phi function, then phi(mn) = phi(m)phi(n).",abstract_algebra,"[occipitoaxial,, nongerundial,, semisentimental,, redressal]",0.396558431,0.396558431,0.167227304,0.039655834,0.486287416,0.27345951,0.153777583,0.08647549
,,,,,,,,,,
,,,0.771180775,0.132158912,0.043580948,0.053079365,0.491400648,0.230170707,0.176901099,0.101527546
,,,,,,,,,,
,,,1,,,,1,,,
,,,a_ori,b_ori,d_ori,c_ori,b_ft,d_ft,c_ft,a_ft
